year,broadcast,cim_days_available,days_in_top20,coverage_pct,mean_viewers_days_in_top20,median_viewers_days_in_top20,weekday_mean,weekday_coverage_pct,max_viewers,max_date,period,source_url,metric,value_basis
2016,VRT 19:00 Journaal,91,90,98.9,1016411,1040467,1075348,100.0,1355048,2016-11-09,2016-10-01..2016-12-31,https://www.cim.be/nl/televisie,"CIM daily Top 20 viewers (4+ incl. guests, North)","same-day (Live+VOSDAL+Guests), TV only"
2017,VRT 19:00 Journaal,363,361,99.4,901084,903754,942820,99.6,1358540,2017-12-11,2017-01-01..2017-12-31,https://www.cim.be/nl/televisie,"CIM daily Top 20 viewers (4+ incl. guests, North)","same-day (Live+VOSDAL+Guests), TV only"
2018,VRT 19:00 Journaal,365,362,99.2,863559,854782,900029,99.6,1337923,2018-06-18,2018-01-01..2018-12-31,https://www.cim.be/nl/televisie,"CIM daily Top 20 viewers (4+ incl. guests, North)","same-day (Live+VOSDAL+Guests), TV only"
2019,VRT 19:00 Journaal,363,362,99.7,837979,846426,879428,100.0,1134694,2019-01-21,2019-01-01..2019-12-31,https://www.cim.be/nl/televisie,"CIM daily Top 20 viewers (4+ incl. guests, North)","same-day (Live+VOSDAL+Guests), TV only"
2020,VRT 19:00 Journaal,366,366,100.0,1044233,1023295,1066100,100.0,2008425,2020-11-30,2020-01-01..2020-12-31,https://www.cim.be/nl/televisie,"CIM daily Top 20 viewers (4+ incl. guests, North)",same-day (Live+VOSDAL+Guests) incl. same-day online
2021,VRT 19:00 Journaal,365,359,98.4,964919,975449,997675,98.1,1360441,2021-01-20,2021-01-01..2021-12-31,https://www.cim.be/nl/televisie,"CIM daily Top 20 viewers (4+ incl. guests, North)",same-day (Live+VOSDAL+Guests) incl. same-day online
2022,VRT 19:00 Journaal,365,361,98.9,839671,833922,873527,98.8,1215236,2022-02-24,2022-01-01..2022-12-31,https://www.cim.be/nl/televisie,"CIM daily Top 20 viewers (4+ incl. guests, North)",same-day (Live+VOSDAL+Guests) incl. same-day online
2023,VRT 19:00 Journaal,365,365,100.0,820963,832159,863075,100.0,1192097,2023-03-20,2023-01-01..2023-12-31,https://www.cim.be/nl/televisie,"CIM daily Top 20 viewers (4+ incl. guests, North)",Jan-Jun same-day; Jul-Dec consolidated Live+7
2024,VRT 19:00 Journaal,366,361,98.6,815469,821322,846069,98.9,1122644,2024-01-17,2024-01-01..2024-12-31,https://www.cim.be/nl/televisie,"CIM daily Top 20 viewers (4+ incl. guests, North)",Jan-Jun consolidated Live+7; Jul-Dec Live+28 incl. online
2025,VRT 19:00 Journaal,365,365,100.0,801628,810136,835823,100.0,1084008,2025-01-27,2025-01-01..2025-12-31,https://www.cim.be/nl/televisie,"CIM daily Top 20 viewers (4+ incl. guests, North)",consolidated Live+28 incl. online (+Guests)
2026,VRT 19:00 Journaal,271,271,100.0,751697,743970,783867,100.0,1090074,2026-01-05,2026-01-01..2026-10-01,https://www.cim.be/nl/televisie,"CIM daily Top 20 viewers (4+ incl. guests, North)",consolidated Live+28 incl. online (+Guests)
2016,VRT 13:00 Journaal,91,90,98.9,431135,409209,416336,100.0,700772,2016-11-20,2016-10-01..2016-12-31,https://www.cim.be/nl/televisie,"CIM daily Top 20 viewers (4+ incl. guests, North)","same-day (Live+VOSDAL+Guests), TV only"
2017,VRT 13:00 Journaal,363,361,99.4,396260,384157,382501,100.0,691367,2017-12-10,2017-01-01..2017-12-31,https://www.cim.be/nl/televisie,"CIM daily Top 20 viewers (4+ incl. guests, North)","same-day (Live+VOSDAL+Guests), TV only"
2018,VRT 13:00 Journaal,365,362,99.2,372023,359112,357525,99.2,687536,2018-04-01,2018-01-01..2018-12-31,https://www.cim.be/nl/televisie,"CIM daily Top 20 viewers (4+ incl. guests, North)","same-day (Live+VOSDAL+Guests), TV only"
2019,VRT 13:00 Journaal,363,362,99.7,356918,345888,340588,99.6,616052,2019-03-03,2019-01-01..2019-12-31,https://www.cim.be/nl/televisie,"CIM daily Top 20 viewers (4+ incl. guests, North)","same-day (Live+VOSDAL+Guests), TV only"
2020,VRT 13:00 Journaal,366,364,99.5,456711,431945,434061,99.2,1041306,2020-03-22,2020-01-01..2020-12-31,https://www.cim.be/nl/televisie,"CIM daily Top 20 viewers (4+ incl. guests, North)",same-day (Live+VOSDAL+Guests) incl. same-day online
2021,VRT 13:00 Journaal,365,363,99.5,469656,456890,453338,99.2,1254726,2021-08-01,2021-01-01..2021-12-31,https://www.cim.be/nl/televisie,"CIM daily Top 20 viewers (4+ incl. guests, North)",same-day (Live+VOSDAL+Guests) incl. same-day online
2022,VRT 13:00 Journaal,365,360,98.6,426147,409043,418868,98.5,710427,2022-02-18,2022-01-01..2022-12-31,https://www.cim.be/nl/televisie,"CIM daily Top 20 viewers (4+ incl. guests, North)",same-day (Live+VOSDAL+Guests) incl. same-day online
2023,VRT 13:00 Journaal,365,322,88.2,389901,381980,378621,88.8,631194,2023-07-23,2023-01-01..2023-12-31,https://www.cim.be/nl/televisie,"CIM daily Top 20 viewers (4+ incl. guests, North)",Jan-Jun same-day; Jul-Dec consolidated Live+7
2024,VRT 13:00 Journaal,366,365,99.7,387532,381042,377027,99.6,616749,2024-01-14,2024-01-01..2024-12-31,https://www.cim.be/nl/televisie,"CIM daily Top 20 viewers (4+ incl. guests, North)",Jan-Jun consolidated Live+7; Jul-Dec Live+28 incl. online
2025,VRT 13:00 Journaal,365,363,99.5,357369,350427,352382,99.2,610373,2025-01-12,2025-01-01..2025-12-31,https://www.cim.be/nl/televisie,"CIM daily Top 20 viewers (4+ incl. guests, North)",consolidated Live+28 incl. online (+Guests)
2026,VRT 13:00 Journaal,271,270,99.6,343558,338084,339957,99.5,532263,2026-03-01,2026-01-01..2026-10-01,https://www.cim.be/nl/televisie,"CIM daily Top 20 viewers (4+ incl. guests, North)",consolidated Live+28 incl. online (+Guests)
2016,VTM NIEUWS 19:00 (context),91,90,98.9,629782,638178,664969,100.0,798364,2016-12-05,2016-10-01..2016-12-31,https://www.cim.be/nl/televisie,"CIM daily Top 20 viewers (4+ incl. guests, North)","same-day (Live+VOSDAL+Guests), TV only"
2017,VTM NIEUWS 19:00 (context),363,363,100.0,556732,565643,596896,100.0,783766,2017-12-11,2017-01-01..2017-12-31,https://www.cim.be/nl/televisie,"CIM daily Top 20 viewers (4+ incl. guests, North)","same-day (Live+VOSDAL+Guests), TV only"
2018,VTM NIEUWS 19:00 (context),365,362,99.2,545548,562084,576860,99.6,812194,2018-03-02,2018-01-01..2018-12-31,https://www.cim.be/nl/televisie,"CIM daily Top 20 viewers (4+ incl. guests, North)","same-day (Live+VOSDAL+Guests), TV only"
2019,VTM NIEUWS 19:00 (context),363,359,98.9,556788,558483,583940,99.2,782700,2019-12-09,2019-01-01..2019-12-31,https://www.cim.be/nl/televisie,"CIM daily Top 20 viewers (4+ incl. guests, North)","same-day (Live+VOSDAL+Guests), TV only"
2020,VTM NIEUWS 19:00 (context),366,364,99.5,697601,688629,717045,99.6,1118638,2020-10-30,2020-01-01..2020-12-31,https://www.cim.be/nl/televisie,"CIM daily Top 20 viewers (4+ incl. guests, North)",same-day (Live+VOSDAL+Guests) incl. same-day online
2021,VTM NIEUWS 19:00 (context),365,364,99.7,610766,613359,635910,99.6,841442,2021-02-01,2021-01-01..2021-12-31,https://www.cim.be/nl/televisie,"CIM daily Top 20 viewers (4+ incl. guests, North)",same-day (Live+VOSDAL+Guests) incl. same-day online
2022,VTM NIEUWS 19:00 (context),365,365,100.0,593352,596753,624507,100.0,897816,2022-02-18,2022-01-01..2022-12-31,https://www.cim.be/nl/televisie,"CIM daily Top 20 viewers (4+ incl. guests, North)",same-day (Live+VOSDAL+Guests) incl. same-day online
2023,VTM NIEUWS 19:00 (context),365,365,100.0,576605,577266,608334,100.0,804572,2023-11-20,2023-01-01..2023-12-31,https://www.cim.be/nl/televisie,"CIM daily Top 20 viewers (4+ incl. guests, North)",Jan-Jun same-day; Jul-Dec consolidated Live+7
2024,VTM NIEUWS 19:00 (context),366,364,99.5,535584,540176,559936,100.0,775067,2024-01-17,2024-01-01..2024-12-31,https://www.cim.be/nl/televisie,"CIM daily Top 20 viewers (4+ incl. guests, North)",Jan-Jun consolidated Live+7; Jul-Dec Live+28 incl. online
2025,VTM NIEUWS 19:00 (context),365,365,100.0,531521,535542,552018,100.0,735655,2025-01-06,2025-01-01..2025-12-31,https://www.cim.be/nl/televisie,"CIM daily Top 20 viewers (4+ incl. guests, North)",consolidated Live+28 incl. online (+Guests)
2026,VTM NIEUWS 19:00 (context),271,271,100.0,504843,504776,527355,100.0,710422,2026-01-08,2026-01-01..2026-10-01,https://www.cim.be/nl/televisie,"CIM daily Top 20 viewers (4+ incl. guests, North)",consolidated Live+28 incl. online (+Guests)
2016,VTM NIEUWS 13:00 (context),91,79,86.8,236067,231091,229827,87.5,393688,2016-11-13,2016-10-01..2016-12-31,https://www.cim.be/nl/televisie,"CIM daily Top 20 viewers (4+ incl. guests, North)","same-day (Live+VOSDAL+Guests), TV only"
2017,VTM NIEUWS 13:00 (context),363,305,84.0,222905,218558,214550,78.4,524598,2017-01-01,2017-01-01..2017-12-31,https://www.cim.be/nl/televisie,"CIM daily Top 20 viewers (4+ incl. guests, North)","same-day (Live+VOSDAL+Guests), TV only"
2018,VTM NIEUWS 13:00 (context),365,337,92.3,232345,229111,229322,91.6,512999,2018-01-01,2018-01-01..2018-12-31,https://www.cim.be/nl/televisie,"CIM daily Top 20 viewers (4+ incl. guests, North)","same-day (Live+VOSDAL+Guests), TV only"
2019,VTM NIEUWS 13:00 (context),363,345,95.0,248810,245697,245715,93.4,449300,2019-01-01,2019-01-01..2019-12-31,https://www.cim.be/nl/televisie,"CIM daily Top 20 viewers (4+ incl. guests, North)","same-day (Live+VOSDAL+Guests), TV only"
2020,VTM NIEUWS 13:00 (context),366,352,96.2,302220,290673,298783,94.7,611312,2020-03-29,2020-01-01..2020-12-31,https://www.cim.be/nl/televisie,"CIM daily Top 20 viewers (4+ incl. guests, North)",same-day (Live+VOSDAL+Guests) incl. same-day online
2021,VTM NIEUWS 13:00 (context),365,352,96.4,247351,242792,245538,95.8,489170,2021-01-01,2021-01-01..2021-12-31,https://www.cim.be/nl/televisie,"CIM daily Top 20 viewers (4+ incl. guests, North)",same-day (Live+VOSDAL+Guests) incl. same-day online
2022,VTM NIEUWS 13:00 (context),365,355,97.3,241449,239112,242032,96.2,455520,2022-01-01,2022-01-01..2022-12-31,https://www.cim.be/nl/televisie,"CIM daily Top 20 viewers (4+ incl. guests, North)",same-day (Live+VOSDAL+Guests) incl. same-day online
2023,VTM NIEUWS 13:00 (context),365,324,88.8,230666,228256,232509,89.6,464529,2023-01-01,2023-01-01..2023-12-31,https://www.cim.be/nl/televisie,"CIM daily Top 20 viewers (4+ incl. guests, North)",Jan-Jun same-day; Jul-Dec consolidated Live+7
2024,VTM NIEUWS 13:00 (context),366,335,91.5,210201,205726,213953,88.9,454642,2024-01-01,2024-01-01..2024-12-31,https://www.cim.be/nl/televisie,"CIM daily Top 20 viewers (4+ incl. guests, North)",Jan-Jun consolidated Live+7; Jul-Dec Live+28 incl. online
2025,VTM NIEUWS 13:00 (context),365,344,94.2,220713,218184,223219,92.0,441184,2025-01-01,2025-01-01..2025-12-31,https://www.cim.be/nl/televisie,"CIM daily Top 20 viewers (4+ incl. guests, North)",consolidated Live+28 incl. online (+Guests)
2026,VTM NIEUWS 13:00 (context),271,268,98.9,230949,229038,233455,99.0,530698,2026-01-01,2026-01-01..2026-10-01,https://www.cim.be/nl/televisie,"CIM daily Top 20 viewers (4+ incl. guests, North)",consolidated Live+28 incl. online (+Guests)
