year,broadcast,jan_sep_mean,jan_sep_weekday_mean,coverage_pct,value_basis
2017,VRT 19:00 Journaal,864833,904835,100.0,"same-day (Live+VOSDAL+Guests), TV only"
2018,VRT 19:00 Journaal,849199,888626,99.6,"same-day (Live+VOSDAL+Guests), TV only"
2019,VRT 19:00 Journaal,817854,861355,99.6,"same-day (Live+VOSDAL+Guests), TV only"
2020,VRT 19:00 Journaal,997747,1019640,100.0,same-day (Live+VOSDAL+Guests) incl. same-day online
2021,VRT 19:00 Journaal,968430,1000145,98.2,same-day (Live+VOSDAL+Guests) incl. same-day online
2022,VRT 19:00 Journaal,842071,878192,99.3,same-day (Live+VOSDAL+Guests) incl. same-day online
2023,VRT 19:00 Journaal,802494,843616,100.0,Jan-Jun same-day; Jul-Sep consolidated Live+7
2024,VRT 19:00 Journaal,802669,835713,98.5,Jan-Jun Live+7; Jul-Sep Live+28 incl. online
2025,VRT 19:00 Journaal,790859,825979,100.0,consolidated Live+28 incl. online (+Guests)
2026,VRT 19:00 Journaal,751786,784156,100.0,consolidated Live+28 incl. online (+Guests)
2017,VRT 13:00 Journaal,385613,373217,99.3,"same-day (Live+VOSDAL+Guests), TV only"
2018,VRT 13:00 Journaal,370762,357910,99.3,"same-day (Live+VOSDAL+Guests), TV only"
2019,VRT 13:00 Journaal,351079,333001,99.6,"same-day (Live+VOSDAL+Guests), TV only"
2020,VRT 13:00 Journaal,441665,419243,99.3,same-day (Live+VOSDAL+Guests) incl. same-day online
2021,VRT 13:00 Journaal,463015,443189,99.3,same-day (Live+VOSDAL+Guests) incl. same-day online
2022,VRT 13:00 Journaal,432955,425799,98.9,same-day (Live+VOSDAL+Guests) incl. same-day online
2023,VRT 13:00 Journaal,386715,376350,84.2,Jan-Jun same-day; Jul-Sep consolidated Live+7
2024,VRT 13:00 Journaal,386301,375406,99.6,Jan-Jun Live+7; Jul-Sep Live+28 incl. online
2025,VRT 13:00 Journaal,359654,355079,99.6,consolidated Live+28 incl. online (+Guests)
2026,VRT 13:00 Journaal,343655,340074,99.6,consolidated Live+28 incl. online (+Guests)
2017,VTM NIEUWS 19:00 (context),543037,583427,100.0,"same-day (Live+VOSDAL+Guests), TV only"
2018,VTM NIEUWS 19:00 (context),528092,561523,99.6,"same-day (Live+VOSDAL+Guests), TV only"
2019,VTM NIEUWS 19:00 (context),536554,563601,98.9,"same-day (Live+VOSDAL+Guests), TV only"
2020,VTM NIEUWS 19:00 (context),669976,691289,100.0,same-day (Live+VOSDAL+Guests) incl. same-day online
2021,VTM NIEUWS 19:00 (context),608595,633813,99.6,same-day (Live+VOSDAL+Guests) incl. same-day online
2022,VTM NIEUWS 19:00 (context),579933,611215,100.0,same-day (Live+VOSDAL+Guests) incl. same-day online
2023,VTM NIEUWS 19:00 (context),561968,594022,100.0,Jan-Jun same-day; Jul-Sep consolidated Live+7
2024,VTM NIEUWS 19:00 (context),531275,556741,99.6,Jan-Jun Live+7; Jul-Sep Live+28 incl. online
2025,VTM NIEUWS 19:00 (context),524087,545840,100.0,consolidated Live+28 incl. online (+Guests)
2026,VTM NIEUWS 19:00 (context),504788,527394,100.0,consolidated Live+28 incl. online (+Guests)
2017,VTM NIEUWS 13:00 (context),220018,213344,86.4,"same-day (Live+VOSDAL+Guests), TV only"
2018,VTM NIEUWS 13:00 (context),230757,229753,94.1,"same-day (Live+VOSDAL+Guests), TV only"
2019,VTM NIEUWS 13:00 (context),245607,241955,94.1,"same-day (Live+VOSDAL+Guests), TV only"
2020,VTM NIEUWS 13:00 (context),300798,298092,95.6,same-day (Live+VOSDAL+Guests) incl. same-day online
2021,VTM NIEUWS 13:00 (context),246333,245362,95.6,same-day (Live+VOSDAL+Guests) incl. same-day online
2022,VTM NIEUWS 13:00 (context),243765,244729,97.8,same-day (Live+VOSDAL+Guests) incl. same-day online
2023,VTM NIEUWS 13:00 (context),230542,233598,85.7,Jan-Jun same-day; Jul-Sep consolidated Live+7
2024,VTM NIEUWS 13:00 (context),210288,215989,93.8,Jan-Jun Live+7; Jul-Sep Live+28 incl. online
2025,VTM NIEUWS 13:00 (context),216654,219672,92.3,consolidated Live+28 incl. online (+Guests)
2026,VTM NIEUWS 13:00 (context),231060,233623,98.9,consolidated Live+28 incl. online (+Guests)
