date,mean,count,broadcast
2016-10-01,981946.6333333333,30,VRT 19:00 Journaal
2016-11-01,1060001.1,30,VRT 19:00 Journaal
2016-12-01,1007285.7666666667,30,VRT 19:00 Journaal
2017-01-01,1148656.7741935484,31,VRT 19:00 Journaal
2017-02-01,1049313.3214285714,28,VRT 19:00 Journaal
2017-03-01,950696.7741935484,31,VRT 19:00 Journaal
2017-04-01,851243.7,30,VRT 19:00 Journaal
2017-05-01,800139.8,30,VRT 19:00 Journaal
2017-06-01,733814.4,30,VRT 19:00 Journaal
2017-07-01,694838.4193548387,31,VRT 19:00 Journaal
2017-08-01,733835.3225806452,31,VRT 19:00 Journaal
2017-09-01,830970.6333333333,30,VRT 19:00 Journaal
2017-10-01,970214.5333333333,30,VRT 19:00 Journaal
2017-11-01,1031796.5666666667,30,VRT 19:00 Journaal
2017-12-01,1034359.1724137932,29,VRT 19:00 Journaal
2018-01-01,1077214.8064516129,31,VRT 19:00 Journaal
2018-02-01,1018568.0357142857,28,VRT 19:00 Journaal
2018-03-01,977652.9677419355,31,VRT 19:00 Journaal
2018-04-01,830237.5,30,VRT 19:00 Journaal
2018-05-01,752923.6451612903,31,VRT 19:00 Journaal
2018-06-01,784956.0,30,VRT 19:00 Journaal
2018-07-01,733073.5,30,VRT 19:00 Journaal
2018-08-01,708370.0,31,VRT 19:00 Journaal
2018-09-01,767105.8666666667,30,VRT 19:00 Journaal
2018-10-01,861870.1724137932,29,VRT 19:00 Journaal
2018-11-01,935200.9666666667,30,VRT 19:00 Journaal
2018-12-01,921804.6129032258,31,VRT 19:00 Journaal
2019-01-01,985147.9677419355,31,VRT 19:00 Journaal
2019-02-01,942810.6785714285,28,VRT 19:00 Journaal
2019-03-01,905668.7096774194,31,VRT 19:00 Journaal
2019-04-01,807975.3,30,VRT 19:00 Journaal
2019-05-01,828170.7333333333,30,VRT 19:00 Journaal
2019-06-01,731294.8,30,VRT 19:00 Journaal
2019-07-01,692344.8387096775,31,VRT 19:00 Journaal
2019-08-01,675093.0,29,VRT 19:00 Journaal
2019-09-01,791435.9333333333,30,VRT 19:00 Journaal
2019-10-01,887886.3548387097,31,VRT 19:00 Journaal
2019-11-01,903824.1666666666,30,VRT 19:00 Journaal
2019-12-01,899630.1935483871,31,VRT 19:00 Journaal
2020-01-01,986689.6129032258,31,VRT 19:00 Journaal
2020-02-01,953481.551724138,29,VRT 19:00 Journaal
2020-03-01,1330796.1612903227,31,VRT 19:00 Journaal
2020-04-01,1246544.4666666666,30,VRT 19:00 Journaal
2020-05-01,1021392.2903225806,31,VRT 19:00 Journaal
2020-06-01,904057.1333333333,30,VRT 19:00 Journaal
2020-07-01,810838.6451612903,31,VRT 19:00 Journaal
2020-08-01,842391.6129032258,31,VRT 19:00 Journaal
2020-09-01,881940.8666666667,30,VRT 19:00 Journaal
2020-10-01,1130027.5161290322,31,VRT 19:00 Journaal
2020-11-01,1292782.3666666667,30,VRT 19:00 Journaal
2020-12-01,1128786.4193548388,31,VRT 19:00 Journaal
2021-01-01,1214369.8387096773,31,VRT 19:00 Journaal
2021-02-01,1166083.5714285714,28,VRT 19:00 Journaal
2021-03-01,1097499.1333333333,30,VRT 19:00 Journaal
2021-04-01,1002082.5,30,VRT 19:00 Journaal
2021-05-01,963434.9677419355,31,VRT 19:00 Journaal
2021-06-01,784045.5384615385,26,VRT 19:00 Journaal
2021-07-01,843427.8064516129,31,VRT 19:00 Journaal
2021-08-01,827569.3870967742,31,VRT 19:00 Journaal
2021-09-01,806776.7333333333,30,VRT 19:00 Journaal
2021-10-01,882544.4,30,VRT 19:00 Journaal
2021-11-01,992123.5,30,VRT 19:00 Journaal
2021-12-01,987964.1612903225,31,VRT 19:00 Journaal
2022-01-01,1031860.9032258064,31,VRT 19:00 Journaal
2022-02-01,1045238.3928571428,28,VRT 19:00 Journaal
2022-03-01,994228.2258064516,31,VRT 19:00 Journaal
2022-04-01,867191.9,30,VRT 19:00 Journaal
2022-05-01,773285.1333333333,30,VRT 19:00 Journaal
2022-06-01,747349.2333333333,30,VRT 19:00 Journaal
2022-07-01,673712.5333333333,30,VRT 19:00 Journaal
2022-08-01,655381.7741935484,31,VRT 19:00 Journaal
2022-09-01,798757.2,30,VRT 19:00 Journaal
2022-10-01,784450.4,30,VRT 19:00 Journaal
2022-11-01,848653.5666666667,30,VRT 19:00 Journaal
2022-12-01,864226.7666666667,30,VRT 19:00 Journaal
2023-01-01,914225.7419354839,31,VRT 19:00 Journaal
2023-02-01,909567.5,28,VRT 19:00 Journaal
2023-03-01,895559.4193548387,31,VRT 19:00 Journaal
2023-04-01,815725.6333333333,30,VRT 19:00 Journaal
2023-05-01,797244.4516129033,31,VRT 19:00 Journaal
2023-06-01,710643.4666666667,30,VRT 19:00 Journaal
2023-07-01,736504.5161290322,31,VRT 19:00 Journaal
2023-08-01,709465.5806451613,31,VRT 19:00 Journaal
2023-09-01,739294.3666666667,30,VRT 19:00 Journaal
2023-10-01,867535.6451612903,31,VRT 19:00 Journaal
2023-11-01,911163.6,30,VRT 19:00 Journaal
2023-12-01,849751.4838709678,31,VRT 19:00 Journaal
2024-01-01,954894.9677419355,31,VRT 19:00 Journaal
2024-02-01,905399.6896551724,29,VRT 19:00 Journaal
2024-03-01,885359.5806451613,31,VRT 19:00 Journaal
2024-04-01,814462.4,30,VRT 19:00 Journaal
2024-05-01,762255.2903225806,31,VRT 19:00 Journaal
2024-06-01,720518.5925925926,27,VRT 19:00 Journaal
2024-07-01,725980.8666666667,30,VRT 19:00 Journaal
2024-08-01,680357.5806451613,31,VRT 19:00 Journaal
2024-09-01,767594.6666666666,30,VRT 19:00 Journaal
2024-10-01,838384.9333333333,30,VRT 19:00 Journaal
2024-11-01,865562.9,30,VRT 19:00 Journaal
2024-12-01,856303.3870967742,31,VRT 19:00 Journaal
2025-01-01,948635.0,31,VRT 19:00 Journaal
2025-02-01,909794.4642857143,28,VRT 19:00 Journaal
2025-03-01,866880.6129032258,31,VRT 19:00 Journaal
2025-04-01,795061.8,30,VRT 19:00 Journaal
2025-05-01,737769.2903225806,31,VRT 19:00 Journaal
2025-06-01,711173.0666666667,30,VRT 19:00 Journaal
2025-07-01,695543.9677419355,31,VRT 19:00 Journaal
2025-08-01,682169.9354838709,31,VRT 19:00 Journaal
2025-09-01,779409.9,30,VRT 19:00 Journaal
2025-10-01,823797.1935483871,31,VRT 19:00 Journaal
2025-11-01,843248.5,30,VRT 19:00 Journaal
2025-12-01,834015.4193548387,31,VRT 19:00 Journaal
2026-01-01,936664.7741935484,31,VRT 19:00 Journaal
2026-02-01,824173.3571428572,28,VRT 19:00 Journaal
2026-03-01,822534.3928571428,28,VRT 19:00 Journaal
2026-04-01,785793.2,30,VRT 19:00 Journaal
2026-05-01,698560.4838709678,31,VRT 19:00 Journaal
2026-06-01,712720.3666666667,30,VRT 19:00 Journaal
2026-07-01,657897.3225806452,31,VRT 19:00 Journaal
2026-08-01,657533.7096774194,31,VRT 19:00 Journaal
2026-09-01,681617.3666666667,30,VRT 19:00 Journaal
2026-10-01,727830.0,1,VRT 19:00 Journaal
2016-10-01,410096.06666666665,30,VRT 13:00 Journaal
2016-11-01,447218.63333333336,30,VRT 13:00 Journaal
2016-12-01,436089.76666666666,30,VRT 13:00 Journaal
2017-01-01,469663.5333333333,30,VRT 13:00 Journaal
2017-02-01,439572.10714285716,28,VRT 13:00 Journaal
2017-03-01,380709.67741935485,31,VRT 13:00 Journaal
2017-04-01,406214.43333333335,30,VRT 13:00 Journaal
2017-05-01,348678.13333333336,30,VRT 13:00 Journaal
2017-06-01,366204.4666666667,30,VRT 13:00 Journaal
2017-07-01,358808.70967741933,31,VRT 13:00 Journaal
2017-08-01,346142.6451612903,31,VRT 13:00 Journaal
2017-09-01,359622.9655172414,29,VRT 13:00 Journaal
2017-10-01,393730.5483870968,31,VRT 13:00 Journaal
2017-11-01,428860.1,30,VRT 13:00 Journaal
2017-12-01,462102.8333333333,30,VRT 13:00 Journaal
2018-01-01,454896.76666666666,30,VRT 13:00 Journaal
2018-02-01,410772.9285714286,28,VRT 13:00 Journaal
2018-03-01,399356.51612903224,31,VRT 13:00 Journaal
2018-04-01,397703.5333333333,30,VRT 13:00 Journaal
2018-05-01,328210.93548387097,31,VRT 13:00 Journaal
2018-06-01,338646.1724137931,29,VRT 13:00 Journaal
2018-07-01,346177.1612903226,31,VRT 13:00 Journaal
2018-08-01,337314.9032258064,31,VRT 13:00 Journaal
2018-09-01,327777.36666666664,30,VRT 13:00 Journaal
2018-10-01,351407.4666666667,30,VRT 13:00 Journaal
2018-11-01,373016.86666666664,30,VRT 13:00 Journaal
2018-12-01,402028.1612903226,31,VRT 13:00 Journaal
2019-01-01,411193.5333333333,30,VRT 13:00 Journaal
2019-02-01,358505.0,28,VRT 13:00 Journaal
2019-03-01,367319.96774193546,31,VRT 13:00 Journaal
2019-04-01,342115.7,30,VRT 13:00 Journaal
2019-05-01,348067.67741935485,31,VRT 13:00 Journaal
2019-06-01,336488.3333333333,30,VRT 13:00 Journaal
2019-07-01,334480.96774193546,31,VRT 13:00 Journaal
2019-08-01,325291.0344827586,29,VRT 13:00 Journaal
2019-09-01,335998.73333333334,30,VRT 13:00 Journaal
2019-10-01,368394.77419354836,31,VRT 13:00 Journaal
2019-11-01,371848.5333333333,30,VRT 13:00 Journaal
2019-12-01,381850.0,31,VRT 13:00 Journaal
2020-01-01,382572.2413793103,29,VRT 13:00 Journaal
2020-02-01,398350.8275862069,29,VRT 13:00 Journaal
2020-03-01,586031.1935483871,31,VRT 13:00 Journaal
2020-04-01,567467.9,30,VRT 13:00 Journaal
2020-05-01,446257.70967741933,31,VRT 13:00 Journaal
2020-06-01,400701.23333333334,30,VRT 13:00 Journaal
2020-07-01,379802.87096774194,31,VRT 13:00 Journaal
2020-08-01,433113.3548387097,31,VRT 13:00 Journaal
2020-09-01,374658.6666666667,30,VRT 13:00 Journaal
2020-10-01,480660.70967741933,31,VRT 13:00 Journaal
2020-11-01,540909.5666666667,30,VRT 13:00 Journaal
2020-12-01,483292.96774193546,31,VRT 13:00 Journaal
2021-01-01,535120.8,30,VRT 13:00 Journaal
2021-02-01,492952.28571428574,28,VRT 13:00 Journaal
2021-03-01,462745.6451612903,31,VRT 13:00 Journaal
2021-04-01,470496.5333333333,30,VRT 13:00 Journaal
2021-05-01,473094.5806451613,31,VRT 13:00 Journaal
2021-06-01,424926.56666666665,30,VRT 13:00 Journaal
2021-07-01,467600.4193548387,31,VRT 13:00 Journaal
2021-08-01,448986.9,30,VRT 13:00 Journaal
2021-09-01,392727.56666666665,30,VRT 13:00 Journaal
2021-10-01,438554.87096774194,31,VRT 13:00 Journaal
2021-11-01,500500.63333333336,30,VRT 13:00 Journaal
2021-12-01,528964.7419354839,31,VRT 13:00 Journaal
2022-01-01,526954.8,30,VRT 13:00 Journaal
2022-02-01,528399.1428571428,28,VRT 13:00 Journaal
2022-03-01,472758.12903225806,31,VRT 13:00 Journaal
2022-04-01,431721.5,30,VRT 13:00 Journaal
2022-05-01,387831.2,30,VRT 13:00 Journaal
2022-06-01,378111.2,30,VRT 13:00 Journaal
2022-07-01,386808.3870967742,31,VRT 13:00 Journaal
2022-08-01,382736.0,31,VRT 13:00 Journaal
2022-09-01,408718.1379310345,29,VRT 13:00 Journaal
2022-10-01,378545.93548387097,31,VRT 13:00 Journaal
2022-11-01,418721.56666666665,30,VRT 13:00 Journaal
2022-12-01,421325.6896551724,29,VRT 13:00 Journaal
2023-01-01,432303.86363636365,22,VRT 13:00 Journaal
2023-02-01,,0,VRT 13:00 Journaal
2023-03-01,428942.0,26,VRT 13:00 Journaal
2023-04-01,396692.0333333333,30,VRT 13:00 Journaal
2023-05-01,369043.9,30,VRT 13:00 Journaal
2023-06-01,366253.43333333335,30,VRT 13:00 Journaal
2023-07-01,395754.8064516129,31,VRT 13:00 Journaal
2023-08-01,357876.87096774194,31,VRT 13:00 Journaal
2023-09-01,365300.63333333336,30,VRT 13:00 Journaal
2023-10-01,383426.70967741933,31,VRT 13:00 Journaal
2023-11-01,416730.1,30,VRT 13:00 Journaal
2023-12-01,394044.8064516129,31,VRT 13:00 Journaal
2024-01-01,429480.9666666667,30,VRT 13:00 Journaal
2024-02-01,404877.6206896552,29,VRT 13:00 Journaal
2024-03-01,399194.06451612903,31,VRT 13:00 Journaal
2024-04-01,384105.5333333333,30,VRT 13:00 Journaal
2024-05-01,362600.3548387097,31,VRT 13:00 Journaal
2024-06-01,378030.23333333334,30,VRT 13:00 Journaal
2024-07-01,365821.0967741936,31,VRT 13:00 Journaal
2024-08-01,390955.1935483871,31,VRT 13:00 Journaal
2024-09-01,363153.2,30,VRT 13:00 Journaal
2024-10-01,378144.70967741933,31,VRT 13:00 Journaal
2024-11-01,373235.06666666665,30,VRT 13:00 Journaal
2024-12-01,421592.51612903224,31,VRT 13:00 Journaal
2025-01-01,435088.6666666667,30,VRT 13:00 Journaal
2025-02-01,407103.46428571426,28,VRT 13:00 Journaal
2025-03-01,375432.77419354836,31,VRT 13:00 Journaal
2025-04-01,351852.76666666666,30,VRT 13:00 Journaal
2025-05-01,344274.93548387097,31,VRT 13:00 Journaal
2025-06-01,356501.2,30,VRT 13:00 Journaal
2025-07-01,342479.1935483871,31,VRT 13:00 Journaal
2025-08-01,304025.4516129032,31,VRT 13:00 Journaal
2025-09-01,325701.23333333334,30,VRT 13:00 Journaal
2025-10-01,343108.6129032258,31,VRT 13:00 Journaal
2025-11-01,354207.5172413793,29,VRT 13:00 Journaal
2025-12-01,354535.06451612903,31,VRT 13:00 Journaal
2026-01-01,368113.3,30,VRT 13:00 Journaal
2026-02-01,345277.75,28,VRT 13:00 Journaal
2026-03-01,345557.21428571426,28,VRT 13:00 Journaal
2026-04-01,324360.2,30,VRT 13:00 Journaal
2026-05-01,331518.7419354839,31,VRT 13:00 Journaal
2026-06-01,369944.9666666667,30,VRT 13:00 Journaal
2026-07-01,354175.87096774194,31,VRT 13:00 Journaal
2026-08-01,340847.32258064515,31,VRT 13:00 Journaal
2026-09-01,313485.8,30,VRT 13:00 Journaal
2026-10-01,317398.0,1,VRT 13:00 Journaal
2016-10-01,608014.6,30,VTM NIEUWS 19:00 (context)
2016-11-01,658763.5666666667,30,VTM NIEUWS 19:00 (context)
2016-12-01,622567.8,30,VTM NIEUWS 19:00 (context)
2017-01-01,648844.5161290322,31,VTM NIEUWS 19:00 (context)
2017-02-01,637364.8928571428,28,VTM NIEUWS 19:00 (context)
2017-03-01,604886.2903225806,31,VTM NIEUWS 19:00 (context)
2017-04-01,522531.4666666667,30,VTM NIEUWS 19:00 (context)
2017-05-01,508062.63333333336,30,VTM NIEUWS 19:00 (context)
2017-06-01,491155.26666666666,30,VTM NIEUWS 19:00 (context)
2017-07-01,459414.77419354836,31,VTM NIEUWS 19:00 (context)
2017-08-01,478529.4193548387,31,VTM NIEUWS 19:00 (context)
2017-09-01,542177.8,30,VTM NIEUWS 19:00 (context)
2017-10-01,574939.3548387097,31,VTM NIEUWS 19:00 (context)
2017-11-01,615167.5666666667,30,VTM NIEUWS 19:00 (context)
2017-12-01,603654.8666666667,30,VTM NIEUWS 19:00 (context)
2018-01-01,668908.2903225806,31,VTM NIEUWS 19:00 (context)
2018-02-01,631652.7142857143,28,VTM NIEUWS 19:00 (context)
2018-03-01,637397.2580645161,31,VTM NIEUWS 19:00 (context)
2018-04-01,499582.43333333335,30,VTM NIEUWS 19:00 (context)
2018-05-01,474745.51612903224,31,VTM NIEUWS 19:00 (context)
2018-06-01,462443.3333333333,30,VTM NIEUWS 19:00 (context)
2018-07-01,409646.0,31,VTM NIEUWS 19:00 (context)
2018-08-01,483500.9032258064,31,VTM NIEUWS 19:00 (context)
2018-09-01,489446.8965517241,29,VTM NIEUWS 19:00 (context)
2018-10-01,590197.1379310344,29,VTM NIEUWS 19:00 (context)
2018-11-01,597784.2,30,VTM NIEUWS 19:00 (context)
2018-12-01,606384.7419354839,31,VTM NIEUWS 19:00 (context)
2019-01-01,638950.8709677419,31,VTM NIEUWS 19:00 (context)
2019-02-01,620295.1428571428,28,VTM NIEUWS 19:00 (context)
2019-03-01,581109.6129032258,31,VTM NIEUWS 19:00 (context)
2019-04-01,497276.1724137931,29,VTM NIEUWS 19:00 (context)
2019-05-01,516857.3333333333,30,VTM NIEUWS 19:00 (context)
2019-06-01,481962.4666666667,30,VTM NIEUWS 19:00 (context)
2019-07-01,459367.1,30,VTM NIEUWS 19:00 (context)
2019-08-01,480175.2068965517,29,VTM NIEUWS 19:00 (context)
2019-09-01,550484.3666666667,30,VTM NIEUWS 19:00 (context)
2019-10-01,586841.9677419355,31,VTM NIEUWS 19:00 (context)
2019-11-01,626713.2413793104,29,VTM NIEUWS 19:00 (context)
2019-12-01,636246.4838709678,31,VTM NIEUWS 19:00 (context)
2020-01-01,663958.5161290322,31,VTM NIEUWS 19:00 (context)
2020-02-01,648508.5172413794,29,VTM NIEUWS 19:00 (context)
2020-03-01,836740.2903225806,31,VTM NIEUWS 19:00 (context)
2020-04-01,793351.1333333333,30,VTM NIEUWS 19:00 (context)
2020-05-01,661918.8064516129,31,VTM NIEUWS 19:00 (context)
2020-06-01,591717.0333333333,30,VTM NIEUWS 19:00 (context)
2020-07-01,586855.5161290322,31,VTM NIEUWS 19:00 (context)
2020-08-01,631782.1612903225,31,VTM NIEUWS 19:00 (context)
2020-09-01,613186.9333333333,30,VTM NIEUWS 19:00 (context)
2020-10-01,777727.6,30,VTM NIEUWS 19:00 (context)
2020-11-01,820982.8620689656,29,VTM NIEUWS 19:00 (context)
2020-12-01,748812.5161290322,31,VTM NIEUWS 19:00 (context)
2021-01-01,741551.5161290322,31,VTM NIEUWS 19:00 (context)
2021-02-01,720773.6071428572,28,VTM NIEUWS 19:00 (context)
2021-03-01,702321.9,30,VTM NIEUWS 19:00 (context)
2021-04-01,656621.4666666667,30,VTM NIEUWS 19:00 (context)
2021-05-01,606096.6451612903,31,VTM NIEUWS 19:00 (context)
2021-06-01,515275.6,30,VTM NIEUWS 19:00 (context)
2021-07-01,534086.0645161291,31,VTM NIEUWS 19:00 (context)
2021-08-01,523651.1935483871,31,VTM NIEUWS 19:00 (context)
2021-09-01,485423.6666666667,30,VTM NIEUWS 19:00 (context)
2021-10-01,552734.3548387097,31,VTM NIEUWS 19:00 (context)
2021-11-01,652515.1333333333,30,VTM NIEUWS 19:00 (context)
2021-12-01,647444.0,31,VTM NIEUWS 19:00 (context)
2022-01-01,673453.0645161291,31,VTM NIEUWS 19:00 (context)
2022-02-01,703836.8928571428,28,VTM NIEUWS 19:00 (context)
2022-03-01,662863.3225806452,31,VTM NIEUWS 19:00 (context)
2022-04-01,570988.7666666667,30,VTM NIEUWS 19:00 (context)
2022-05-01,549997.0322580645,31,VTM NIEUWS 19:00 (context)
2022-06-01,522661.6666666667,30,VTM NIEUWS 19:00 (context)
2022-07-01,480370.4516129032,31,VTM NIEUWS 19:00 (context)
2022-08-01,501300.9032258064,31,VTM NIEUWS 19:00 (context)
2022-09-01,563239.0666666667,30,VTM NIEUWS 19:00 (context)
2022-10-01,584210.5161290322,31,VTM NIEUWS 19:00 (context)
2022-11-01,662228.3333333334,30,VTM NIEUWS 19:00 (context)
2022-12-01,654017.0645161291,31,VTM NIEUWS 19:00 (context)
2023-01-01,652019.6129032258,31,VTM NIEUWS 19:00 (context)
2023-02-01,622508.6071428572,28,VTM NIEUWS 19:00 (context)
2023-03-01,598914.0322580645,31,VTM NIEUWS 19:00 (context)
2023-04-01,553625.1666666666,30,VTM NIEUWS 19:00 (context)
2023-05-01,534685.0322580645,31,VTM NIEUWS 19:00 (context)
2023-06-01,516623.1,30,VTM NIEUWS 19:00 (context)
2023-07-01,519863.4516129032,31,VTM NIEUWS 19:00 (context)
2023-08-01,526197.6451612903,31,VTM NIEUWS 19:00 (context)
2023-09-01,536582.3,30,VTM NIEUWS 19:00 (context)
2023-10-01,591017.8709677419,31,VTM NIEUWS 19:00 (context)
2023-11-01,662551.2666666667,30,VTM NIEUWS 19:00 (context)
2023-12-01,607917.7419354839,31,VTM NIEUWS 19:00 (context)
2024-01-01,655725.8709677419,31,VTM NIEUWS 19:00 (context)
2024-02-01,636914.7931034482,29,VTM NIEUWS 19:00 (context)
2024-03-01,583179.6774193548,31,VTM NIEUWS 19:00 (context)
2024-04-01,538050.2333333333,30,VTM NIEUWS 19:00 (context)
2024-05-01,489030.03225806454,31,VTM NIEUWS 19:00 (context)
2024-06-01,472541.5862068966,29,VTM NIEUWS 19:00 (context)
2024-07-01,453942.0967741936,31,VTM NIEUWS 19:00 (context)
2024-08-01,442947.8064516129,31,VTM NIEUWS 19:00 (context)
2024-09-01,511760.5,30,VTM NIEUWS 19:00 (context)
2024-10-01,541675.0,30,VTM NIEUWS 19:00 (context)
2024-11-01,561859.8333333334,30,VTM NIEUWS 19:00 (context)
2024-12-01,542204.6451612903,31,VTM NIEUWS 19:00 (context)
2025-01-01,602339.4193548387,31,VTM NIEUWS 19:00 (context)
2025-02-01,588213.25,28,VTM NIEUWS 19:00 (context)
2025-03-01,566968.7096774194,31,VTM NIEUWS 19:00 (context)
2025-04-01,507119.6666666667,30,VTM NIEUWS 19:00 (context)
2025-05-01,499155.96774193546,31,VTM NIEUWS 19:00 (context)
2025-06-01,489261.86666666664,30,VTM NIEUWS 19:00 (context)
2025-07-01,487366.1612903226,31,VTM NIEUWS 19:00 (context)
2025-08-01,476822.0,31,VTM NIEUWS 19:00 (context)
2025-09-01,503403.6,30,VTM NIEUWS 19:00 (context)
2025-10-01,550403.7096774194,31,VTM NIEUWS 19:00 (context)
2025-11-01,566185.8,30,VTM NIEUWS 19:00 (context)
2025-12-01,544560.4838709678,31,VTM NIEUWS 19:00 (context)
2026-01-01,598219.0322580645,31,VTM NIEUWS 19:00 (context)
2026-02-01,553735.4642857143,28,VTM NIEUWS 19:00 (context)
2026-03-01,561332.5,28,VTM NIEUWS 19:00 (context)
2026-04-01,487352.1,30,VTM NIEUWS 19:00 (context)
2026-05-01,469381.0967741936,31,VTM NIEUWS 19:00 (context)
2026-06-01,483599.06666666665,30,VTM NIEUWS 19:00 (context)
2026-07-01,453130.0,31,VTM NIEUWS 19:00 (context)
2026-08-01,466376.06451612903,31,VTM NIEUWS 19:00 (context)
2026-09-01,478067.8,30,VTM NIEUWS 19:00 (context)
2026-10-01,519736.0,1,VTM NIEUWS 19:00 (context)
2016-10-01,228977.36,25,VTM NIEUWS 13:00 (context)
2016-11-01,245958.8148148148,27,VTM NIEUWS 13:00 (context)
2016-12-01,232739.03703703705,27,VTM NIEUWS 13:00 (context)
2017-01-01,268402.8064516129,31,VTM NIEUWS 13:00 (context)
2017-02-01,253109.95,20,VTM NIEUWS 13:00 (context)
2017-03-01,231461.63636363635,22,VTM NIEUWS 13:00 (context)
2017-04-01,198957.15384615384,26,VTM NIEUWS 13:00 (context)
2017-05-01,197152.73076923078,26,VTM NIEUWS 13:00 (context)
2017-06-01,206446.73076923078,26,VTM NIEUWS 13:00 (context)
2017-07-01,210631.56666666668,30,VTM NIEUWS 13:00 (context)
2017-08-01,205779.76666666666,30,VTM NIEUWS 13:00 (context)
2017-09-01,211272.58333333334,24,VTM NIEUWS 13:00 (context)
2017-10-01,211240.7142857143,21,VTM NIEUWS 13:00 (context)
2017-11-01,239736.95652173914,23,VTM NIEUWS 13:00 (context)
2017-12-01,243533.57692307694,26,VTM NIEUWS 13:00 (context)
2018-01-01,264466.96774193546,31,VTM NIEUWS 13:00 (context)
2018-02-01,244242.1851851852,27,VTM NIEUWS 13:00 (context)
2018-03-01,247228.3448275862,29,VTM NIEUWS 13:00 (context)
2018-04-01,218445.32142857142,28,VTM NIEUWS 13:00 (context)
2018-05-01,208751.06896551725,29,VTM NIEUWS 13:00 (context)
2018-06-01,210269.43333333332,30,VTM NIEUWS 13:00 (context)
2018-07-01,228052.8620689655,29,VTM NIEUWS 13:00 (context)
2018-08-01,252016.53333333333,30,VTM NIEUWS 13:00 (context)
2018-09-01,195400.04166666666,24,VTM NIEUWS 13:00 (context)
2018-10-01,227533.92307692306,26,VTM NIEUWS 13:00 (context)
2018-11-01,237021.2857142857,28,VTM NIEUWS 13:00 (context)
2018-12-01,247809.61538461538,26,VTM NIEUWS 13:00 (context)
2019-01-01,272471.93333333335,30,VTM NIEUWS 13:00 (context)
2019-02-01,246970.45833333334,24,VTM NIEUWS 13:00 (context)
2019-03-01,242672.44827586206,29,VTM NIEUWS 13:00 (context)
2019-04-01,214511.92307692306,26,VTM NIEUWS 13:00 (context)
2019-05-01,234165.5357142857,28,VTM NIEUWS 13:00 (context)
2019-06-01,224685.1,30,VTM NIEUWS 13:00 (context)
2019-07-01,253363.53333333333,30,VTM NIEUWS 13:00 (context)
2019-08-01,273143.1724137931,29,VTM NIEUWS 13:00 (context)
2019-09-01,244626.5172413793,29,VTM NIEUWS 13:00 (context)
2019-10-01,251401.4827586207,29,VTM NIEUWS 13:00 (context)
2019-11-01,256653.0,30,VTM NIEUWS 13:00 (context)
2019-12-01,265142.6129032258,31,VTM NIEUWS 13:00 (context)
2020-01-01,279573.5172413793,29,VTM NIEUWS 13:00 (context)
2020-02-01,272485.8461538461,26,VTM NIEUWS 13:00 (context)
2020-03-01,389841.0,30,VTM NIEUWS 13:00 (context)
2020-04-01,376300.2,30,VTM NIEUWS 13:00 (context)
2020-05-01,290769.4,30,VTM NIEUWS 13:00 (context)
2020-06-01,262584.5862068966,29,VTM NIEUWS 13:00 (context)
2020-07-01,275902.26666666666,30,VTM NIEUWS 13:00 (context)
2020-08-01,306984.73333333334,30,VTM NIEUWS 13:00 (context)
2020-09-01,243138.7142857143,28,VTM NIEUWS 13:00 (context)
2020-10-01,293422.2068965517,29,VTM NIEUWS 13:00 (context)
2020-11-01,321512.06666666665,30,VTM NIEUWS 13:00 (context)
2020-12-01,303802.7419354839,31,VTM NIEUWS 13:00 (context)
2021-01-01,291612.86666666664,30,VTM NIEUWS 13:00 (context)
2021-02-01,267836.6785714286,28,VTM NIEUWS 13:00 (context)
2021-03-01,250380.5357142857,28,VTM NIEUWS 13:00 (context)
2021-04-01,254455.53846153847,26,VTM NIEUWS 13:00 (context)
2021-05-01,251732.5,30,VTM NIEUWS 13:00 (context)
2021-06-01,219710.33333333334,30,VTM NIEUWS 13:00 (context)
2021-07-01,241243.7,30,VTM NIEUWS 13:00 (context)
2021-08-01,241382.3103448276,29,VTM NIEUWS 13:00 (context)
2021-09-01,201266.5,30,VTM NIEUWS 13:00 (context)
2021-10-01,214603.53333333333,30,VTM NIEUWS 13:00 (context)
2021-11-01,261819.4,30,VTM NIEUWS 13:00 (context)
2021-12-01,273611.3870967742,31,VTM NIEUWS 13:00 (context)
2022-01-01,275407.9032258064,31,VTM NIEUWS 13:00 (context)
2022-02-01,288765.9285714286,28,VTM NIEUWS 13:00 (context)
2022-03-01,260560.09677419355,31,VTM NIEUWS 13:00 (context)
2022-04-01,233617.65384615384,26,VTM NIEUWS 13:00 (context)
2022-05-01,219310.2258064516,31,VTM NIEUWS 13:00 (context)
2022-06-01,217711.6,30,VTM NIEUWS 13:00 (context)
2022-07-01,233186.87096774194,31,VTM NIEUWS 13:00 (context)
2022-08-01,232513.83870967742,31,VTM NIEUWS 13:00 (context)
2022-09-01,233717.75,28,VTM NIEUWS 13:00 (context)
2022-10-01,222218.41379310345,29,VTM NIEUWS 13:00 (context)
2022-11-01,235338.89655172414,29,VTM NIEUWS 13:00 (context)
2022-12-01,245332.66666666666,30,VTM NIEUWS 13:00 (context)
2023-01-01,265969.4482758621,29,VTM NIEUWS 13:00 (context)
2023-02-01,232150.5,2,VTM NIEUWS 13:00 (context)
2023-03-01,249803.21739130435,23,VTM NIEUWS 13:00 (context)
2023-04-01,219883.6896551724,29,VTM NIEUWS 13:00 (context)
2023-05-01,214479.46666666667,30,VTM NIEUWS 13:00 (context)
2023-06-01,216005.63333333333,30,VTM NIEUWS 13:00 (context)
2023-07-01,237288.70967741936,31,VTM NIEUWS 13:00 (context)
2023-08-01,230249.90322580645,31,VTM NIEUWS 13:00 (context)
2023-09-01,215139.0,29,VTM NIEUWS 13:00 (context)
2023-10-01,213096.83870967742,31,VTM NIEUWS 13:00 (context)
2023-11-01,242498.58620689655,29,VTM NIEUWS 13:00 (context)
2023-12-01,238347.7,30,VTM NIEUWS 13:00 (context)
2024-01-01,251787.41379310345,29,VTM NIEUWS 13:00 (context)
2024-02-01,227253.625,24,VTM NIEUWS 13:00 (context)
2024-03-01,212571.44444444444,27,VTM NIEUWS 13:00 (context)
2024-04-01,209998.92857142858,28,VTM NIEUWS 13:00 (context)
2024-05-01,202834.48387096773,31,VTM NIEUWS 13:00 (context)
2024-06-01,192639.46666666667,30,VTM NIEUWS 13:00 (context)
2024-07-01,209586.48387096773,31,VTM NIEUWS 13:00 (context)
2024-08-01,206090.12903225806,31,VTM NIEUWS 13:00 (context)
2024-09-01,181371.57692307694,26,VTM NIEUWS 13:00 (context)
2024-10-01,205318.7142857143,21,VTM NIEUWS 13:00 (context)
2024-11-01,212711.06896551725,29,VTM NIEUWS 13:00 (context)
2024-12-01,210461.42857142858,28,VTM NIEUWS 13:00 (context)
2025-01-01,219772.57692307694,26,VTM NIEUWS 13:00 (context)
2025-02-01,211800.5,22,VTM NIEUWS 13:00 (context)
2025-03-01,206763.66666666666,24,VTM NIEUWS 13:00 (context)
2025-04-01,201603.4642857143,28,VTM NIEUWS 13:00 (context)
2025-05-01,200065.93548387097,31,VTM NIEUWS 13:00 (context)
2025-06-01,220964.83333333334,30,VTM NIEUWS 13:00 (context)
2025-07-01,235190.2258064516,31,VTM NIEUWS 13:00 (context)
2025-08-01,227892.29032258064,31,VTM NIEUWS 13:00 (context)
2025-09-01,221702.0,29,VTM NIEUWS 13:00 (context)
2025-10-01,219697.74193548388,31,VTM NIEUWS 13:00 (context)
2025-11-01,232749.66666666666,30,VTM NIEUWS 13:00 (context)
2025-12-01,243070.93548387097,31,VTM NIEUWS 13:00 (context)
2026-01-01,268046.12903225806,31,VTM NIEUWS 13:00 (context)
2026-02-01,240811.4642857143,28,VTM NIEUWS 13:00 (context)
2026-03-01,225330.60714285713,28,VTM NIEUWS 13:00 (context)
2026-04-01,212598.96666666667,30,VTM NIEUWS 13:00 (context)
2026-05-01,211516.85714285713,28,VTM NIEUWS 13:00 (context)
2026-06-01,233989.96666666667,30,VTM NIEUWS 13:00 (context)
2026-07-01,241896.2258064516,31,VTM NIEUWS 13:00 (context)
2026-08-01,233750.35483870967,31,VTM NIEUWS 13:00 (context)
2026-09-01,208883.73333333334,30,VTM NIEUWS 13:00 (context)
2026-10-01,201297.0,1,VTM NIEUWS 13:00 (context)
