year,section,item,value,unit,target,met_as_reported,source,source_url,location_in_source,notes
2016,cost,"VRT NWS cost, digital/other offer only (old scope)",7.9,M EUR (nominal),,,VRT annual report 2017,https://www.vrt.be/nl/assets/files/2024-09/LRN-VRT-Jaarverslag-2017-web-low-2.pdf,"p.191 (prior-year column), table 'kosten per thema-aanbodsmerk'",'thema-aanbodsmerk' VRT NWS: digital/other news offer only; TV and radio news programmes were booked under the TV and radio brands - not comparable with 2021+
2017,cost,"VRT NWS cost, digital/other offer only (old scope)",8.8,M EUR (nominal),,,VRT annual report 2017,https://www.vrt.be/nl/assets/files/2024-09/LRN-VRT-Jaarverslag-2017-web-low-2.pdf,"p.191, table 'kosten per thema-aanbodsmerk'",'thema-aanbodsmerk' VRT NWS: digital/other news offer only; TV and radio news programmes were booked under the TV and radio brands - not comparable with 2021+
2018,cost,"VRT NWS cost, digital/other offer only (old scope)",9.1,M EUR (nominal),,,VRT annual report 2018,https://www.vrt.be/nl/assets/files/2024-09/VRTJaarverslag2018WEB.pdf,"p.161, table 'kosten per thema-aanbodsmerk'",'thema-aanbodsmerk' VRT NWS: digital/other news offer only; TV and radio news programmes were booked under the TV and radio brands - not comparable with 2021+
2019,cost,"VRT NWS cost, digital/other offer only (old scope)",11.6,M EUR (nominal),,,VRT annual report 2019,https://www.vrt.be/nl/assets/files/2024-09/VRT_Jaarverslag-2019-CORPS-lowlowres.pdf,"p.169, table 'kosten per thema-aanbodsmerk'",'thema-aanbodsmerk' VRT NWS: digital/other news offer only; TV and radio news programmes were booked under the TV and radio brands - not comparable with 2021+; restated as 18.3 in the 2020 report (p.134)
2020,cost,"VRT NWS cost, digital/other offer only (old scope)",17.6,M EUR (nominal),,,VRT annual report 2020,https://www.vrt.be/nl/assets/files/2024-09/VRT_jaarverslag2020_A4_030_pages_Compressed.pdf,"p.134, table 'kosten per thema-aanbodsmerk'",'thema-aanbodsmerk' VRT NWS: digital/other news offer only; TV and radio news programmes were booked under the TV and radio brands - not comparable with 2021+
2021,cost,"VRT NWS cost, all news (new scope)",68.9,M EUR (nominal),,,VRT annual report 2021,https://www.vrt.be/nl/assets/files/2024-09/Jaarverslag2021.pdf,"p.85, table 'andere aanbodsmerken'","from 2021 VRT books all costs of the Information department under VRT NWS, incl. the radio and TV news programmes (2021 report p.85)"
2022,cost,"VRT NWS cost, all news (new scope)",not found,M EUR (nominal),,,,,,the 2022 jaarbeeld has no cost tables
2023,cost,"VRT NWS cost, all news (new scope)",82.1,M EUR (nominal),,,VRT annual report 2023 (copy hosted by Mediaspecs; secondary),https://www.mediaspecs.be/wp-content/uploads/2024/06/vrt-jaarverslag-2023.pdf,"p.85, table 'andere aanbodsmerken'","from 2021 VRT books all costs of the Information department under VRT NWS, incl. the radio and TV news programmes (2021 report p.85)"
2024,cost,"VRT NWS cost, all news (new scope)",92.5,M EUR (nominal),,,VRT annual report 2024,https://www.vrt.be/nl/assets/files/2025-06/Jaarverslag-2024.pdf,"p.84, table 'andere aanbodsmerken'","from 2021 VRT books all costs of the Information department under VRT NWS, incl. the radio and TV news programmes (2021 report p.85)"
2025,cost,"VRT NWS cost, all news (new scope)",92.3,M EUR (nominal),,,VRT annual report 2025,https://www.vrt.be/nl/assets/files/2026-07/JVS_2025_0.pdf,"p.80, table 'andere aanbodsmerken'","from 2021 VRT books all costs of the Information department under VRT NWS, incl. the radio and TV news programmes (2021 report p.85)"
2016,kpi,Weekly reach of the total VRT news offer,81.0,% of Flemings,>= 75%,yes,VRT annual report 2016,https://www.vrt.be/nl/assets/files/2024-09/VRTJaarverslag2016.pdf,p.210,2016-2020: performance measure; 2021-2025: KPI 19; population 15+/16+ (12+ in 2021)
2017,kpi,Weekly reach of the total VRT news offer,77.5,% of Flemings,>= 75%,yes,VRT annual report 2017,https://www.vrt.be/nl/assets/files/2024-09/LRN-VRT-Jaarverslag-2017-web-low-2.pdf,p.203,2016-2020: performance measure; 2021-2025: KPI 19; population 15+/16+ (12+ in 2021)
2018,kpi,Weekly reach of the total VRT news offer,78.9,% of Flemings,>= 75%,yes,VRT annual report 2018,https://www.vrt.be/nl/assets/files/2024-09/VRTJaarverslag2018WEB.pdf,p.169,2016-2020: performance measure; 2021-2025: KPI 19; population 15+/16+ (12+ in 2021)
2019,kpi,Weekly reach of the total VRT news offer,79.7,% of Flemings,>= 75%,yes,VRT annual report 2019,https://www.vrt.be/nl/assets/files/2024-09/VRT_Jaarverslag-2019-CORPS-lowlowres.pdf,p.43,2016-2020: performance measure; 2021-2025: KPI 19; population 15+/16+ (12+ in 2021)
2020,kpi,Weekly reach of the total VRT news offer,82.6,% of Flemings,>= 75%,yes,VRT annual report 2020,https://www.vrt.be/nl/assets/files/2024-09/VRT_jaarverslag2020_A4_030_pages_Compressed.pdf,p.36,2016-2020: performance measure; 2021-2025: KPI 19; population 15+/16+ (12+ in 2021)
2021,kpi,Weekly reach of the total VRT news offer,87.0,% of Flemings,>= 75%,yes,VRT annual report 2021,https://www.vrt.be/nl/assets/files/2024-09/Jaarverslag2021.pdf,"KPI 19, p.36",2016-2020: performance measure; 2021-2025: KPI 19; population 15+/16+ (12+ in 2021)
2022,kpi,Weekly reach of the total VRT news offer,82.4,% of Flemings,>= 75%,yes,VRT jaarbeeld 2022,https://www.vrt.be/nl/assets/files/2024-09/VRTjaarbeeld2022.pdf,KPI 19,2016-2020: performance measure; 2021-2025: KPI 19; population 15+/16+ (12+ in 2021)
2023,kpi,Weekly reach of the total VRT news offer,82.0,% of Flemings,>= 75%,yes,VRT annual report 2023 (copy hosted by Mediaspecs; secondary),https://www.mediaspecs.be/wp-content/uploads/2024/06/vrt-jaarverslag-2023.pdf,"KPI 19, p.34",2016-2020: performance measure; 2021-2025: KPI 19; population 15+/16+ (12+ in 2021)
2024,kpi,Weekly reach of the total VRT news offer,81.7,% of Flemings,>= 75%,yes,VRT annual report 2024,https://www.vrt.be/nl/assets/files/2025-06/Jaarverslag-2024.pdf,"KPI 19, p.30",2016-2020: performance measure; 2021-2025: KPI 19; population 15+/16+ (12+ in 2021)
2025,kpi,Weekly reach of the total VRT news offer,83.2,% of Flemings,>= 75%,yes,VRT annual report 2025,https://www.vrt.be/nl/assets/files/2026-07/JVS_2025_0.pdf,"KPI 19, p.20",2016-2020: performance measure; 2021-2025: KPI 19; population 15+/16+ (12+ in 2021)
2020,kpi,Weekly reach of VRT news among 16-24,78.6,%,>= 65% (2021-2025),n/a,VRT annual report 2020,https://www.vrt.be/nl/assets/files/2024-09/VRT_jaarverslag2020_A4_030_pages_Compressed.pdf,p.36,
2021,kpi,Weekly reach of VRT news among 16-24,80.8,%,>= 65% (2021-2025),yes,VRT annual report 2021,https://www.vrt.be/nl/assets/files/2024-09/Jaarverslag2021.pdf,"KPI 19, p.36",
2022,kpi,Weekly reach of VRT news among 16-24,76.6,%,>= 65% (2021-2025),yes,VRT jaarbeeld 2022,https://www.vrt.be/nl/assets/files/2024-09/VRTjaarbeeld2022.pdf,KPI 19,
2023,kpi,Weekly reach of VRT news among 16-24,84.4,%,>= 65% (2021-2025),yes,VRT annual report 2023 (copy hosted by Mediaspecs; secondary),https://www.mediaspecs.be/wp-content/uploads/2024/06/vrt-jaarverslag-2023.pdf,"KPI 19, p.34",
2024,kpi,Weekly reach of VRT news among 16-24,79.8,%,>= 65% (2021-2025),yes,VRT annual report 2024,https://www.vrt.be/nl/assets/files/2025-06/Jaarverslag-2024.pdf,"KPI 19, p.30",
2025,kpi,Weekly reach of VRT news among 16-24,86.7,%,>= 65% (2021-2025),yes,VRT annual report 2025,https://www.vrt.be/nl/assets/files/2026-07/JVS_2025_0.pdf,"KPI 19, p.20",
2016,kpi,Trust in VRT TV as a news source,76,% (much) trust,no numeric target until 2026,n/a,VRT annual report 2016,https://www.vrt.be/nl/assets/files/2024-09/VRTJaarverslag2016.pdf,trust section,"radio 74%, website 71%"
2017,kpi,Trust in VRT TV as a news source,not found,% (much) trust,no numeric target until 2026,n/a,VRT annual report 2017,https://www.vrt.be/nl/assets/files/2024-09/LRN-VRT-Jaarverslag-2017-web-low-2.pdf,,other question: 80% find VRT news reliable
2018,kpi,Trust in VRT TV as a news source,not found,% (much) trust,no numeric target until 2026,n/a,,,,
2019,kpi,Trust in VRT TV as a news source,73,% (much) trust,no numeric target until 2026,n/a,VRT annual report 2019,https://www.vrt.be/nl/assets/files/2024-09/VRT_Jaarverslag-2019-CORPS-lowlowres.pdf,trust section,"radio 74%, website 70%"
2020,kpi,Trust in VRT TV as a news source,75.4,% (much) trust,no numeric target until 2026,n/a,VRT annual report 2020,https://www.vrt.be/nl/assets/files/2024-09/VRT_jaarverslag2020_A4_030_pages_Compressed.pdf,trust section,"radio 72.6%, website 71.4%"
2021,kpi,Trust in VRT TV as a news source,73,% (much) trust,no numeric target until 2026,n/a,VRT annual report 2021,https://www.vrt.be/nl/assets/files/2024-09/Jaarverslag2021.pdf,"KPI 20, p.36","radio 68%, website 66%"
2022,kpi,Trust in VRT TV as a news source,74,% (much) trust,no numeric target until 2026,n/a,VRT jaarbeeld 2022,https://www.vrt.be/nl/assets/files/2024-09/VRTjaarbeeld2022.pdf,KPI 20,"radio 71%, website 69%"
2023,kpi,Trust in VRT TV as a news source,75,% (much) trust,no numeric target until 2026,n/a,VRT annual report 2023 (copy hosted by Mediaspecs; secondary),https://www.mediaspecs.be/wp-content/uploads/2024/06/vrt-jaarverslag-2023.pdf,"KPI 20, p.35","radio 71%, website 71%"
2024,kpi,Trust in VRT TV as a news source,75,% (much) trust,no numeric target until 2026,n/a,VRT annual report 2024,https://www.vrt.be/nl/assets/files/2025-06/Jaarverslag-2024.pdf,"KPI 20, p.30","radio 72%, website 73%"
2025,kpi,Trust in VRT TV as a news source,75,% (much) trust,no numeric target until 2026,n/a,VRT annual report 2025,https://www.vrt.be/nl/assets/files/2026-07/JVS_2025_0.pdf,"KPI 20, p.20","radio 71%, website 71%"
2019,kpi,Investigative reports (Pano),17,reports,>= 10 (2016-2020),yes,VRT annual report 2019,https://www.vrt.be/nl/assets/files/2024-09/VRT_Jaarverslag-2019-CORPS-lowlowres.pdf,appendix 'performantiemaatstaven' (p.175 ff.),
2019,kpi,Culture items in Het Journaal,610,items,>= 365,yes,VRT annual report 2019,https://www.vrt.be/nl/assets/files/2024-09/VRT_Jaarverslag-2019-CORPS-lowlowres.pdf,appendix 'performantiemaatstaven',
2024,kpi,Culture items in Het Journaal (KPI 31),647,items,>= 365,yes,VRT annual report 2024,https://www.vrt.be/nl/assets/files/2025-06/Jaarverslag-2024.pdf,KPI 31,
2025,kpi,Culture items in Het Journaal (KPI 31),662,items,>= 365,yes,VRT annual report 2025,https://www.vrt.be/nl/assets/files/2026-07/JVS_2025_0.pdf,KPI 31,
2021-2025,kpi,Investigative stories (KPI 23),see annual reports,stories,>= 15 per year,,VRT annual report 2025,https://www.vrt.be/nl/assets/files/2026-07/JVS_2025_0.pdf,KPI 23,yearly counts not copied here
2021-2025,kpi,Impartiality (KPI 21),"monitored, no numeric target",,,n/a,VRT annual report 2025,https://www.vrt.be/nl/assets/files/2026-07/JVS_2025_0.pdf,KPI 21,VRM study 'Onpartijdigheid van de VRT nieuwsberichtgeving' (2024) referred to; a numeric result: not found
2016-2025,kpi,Target for Journaal viewers or market share,not found,,,n/a,,,,"no such target in the KPI lists of the 2016-2020, 2021-2025 or 2026-2030 contracts"
2026-2030,kpi,"KPI 11: trust in VRT NWS via TV, radio or online",first result due by 1 June 2027,,>= 70%,,Beheersovereenkomst VRT 2026-2030,https://www.vrt.be/nl/assets/files/2025-10/BHO_VRT_2025_digitaal-14-10-2025.pdf,KPI 11,
2026-2030,kpi,KPI 14: weekly reach of VRT NWS,first result due by 1 June 2027,,">= 75% of Flemings, >= 65% of each relevant group",,Beheersovereenkomst VRT 2026-2030,https://www.vrt.be/nl/assets/files/2025-10/BHO_VRT_2025_digitaal-14-10-2025.pdf,KPI 14,
2026-2030,kpi,KPI 13: investigative stories,first result due by 1 June 2027,,>= 15 in 2026 rising to 20 in 2030,,Beheersovereenkomst VRT 2026-2030,https://www.vrt.be/nl/assets/files/2025-10/BHO_VRT_2025_digitaal-14-10-2025.pdf,KPI 13,
2026-2030,kpi,KPI 16: reach of analysis ('duiding') offer,first result due by 1 June 2027,,">= 45% of media users, 50% by 2030",,Beheersovereenkomst VRT 2026-2030,https://www.vrt.be/nl/assets/files/2025-10/BHO_VRT_2025_digitaal-14-10-2025.pdf,KPI 16,
2026-2030,kpi,KPI 18: culture items in Het Journaal,first result due by 1 June 2027,,>= 365 per year,,Beheersovereenkomst VRT 2026-2030,https://www.vrt.be/nl/assets/files/2025-10/BHO_VRT_2025_digitaal-14-10-2025.pdf,KPI 18,
2017->2026,driver,Watch TV evening news (as news source),73 -> 51,%,,,"SMIT/VUB, Digital News Report Flanders, policy brief 93",https://smit.research.vub.be/en/policy-brief-93-digital-news-report-2025-wider-access-weaker-pull-more-channels-less-interest-and-a,brief text,young people: from about 60% to about 1 in 3
2017->2026,driver,Use news daily,89 -> 72,%,,,SMIT/VUB policy brief 93,https://smit.research.vub.be/en/policy-brief-93-digital-news-report-2025-wider-access-weaker-pull-more-channels-less-interest-and-a,brief text,
2017->2026,driver,Sometimes or often avoid the news,48 -> 66,%,,,SMIT/VUB policy brief 93,https://smit.research.vub.be/en/policy-brief-93-digital-news-report-2025-wider-access-weaker-pull-more-channels-less-interest-and-a,brief text,
2017->2026,driver,Very or extremely interested in news,62 -> 36,%,,,SMIT/VUB policy brief 93,https://smit.research.vub.be/en/policy-brief-93-digital-news-report-2025-wider-access-weaker-pull-more-channels-less-interest-and-a,brief text,59% in 2021; not interested 4% -> 18%
2017->2026,driver,"Social media as main news source, age 18-24",23 -> 43,%,,,SMIT/VUB policy brief 93,https://smit.research.vub.be/en/policy-brief-93-digital-news-report-2025-wider-access-weaker-pull-more-channels-less-interest-and-a,brief text,all ages 16%; under 35: 37%
2017->2026,driver,Trust most news most of the time,57 -> just under 50,%,,,SMIT/VUB policy brief 93,https://smit.research.vub.be/en/policy-brief-93-digital-news-report-2025-wider-access-weaker-pull-more-channels-less-interest-and-a,brief text,61% in 2020
2017->2026,driver,Go directly to news sites/apps,32 -> 44,%,,,SMIT/VUB policy brief 93,https://smit.research.vub.be/en/policy-brief-93-digital-news-report-2025-wider-access-weaker-pull-more-channels-less-interest-and-a,brief text,
->2026,driver,Use VRT NWS online weekly,33 -> 40,%,,,SMIT/VUB policy brief 93,https://smit.research.vub.be/en/policy-brief-93-digital-news-report-2025-wider-access-weaker-pull-more-channels-less-interest-and-a,brief text,earlier year as stated in the brief
2017->2026,driver,Print newspaper as news source,47 -> 21,%,,,SMIT/VUB policy brief 93,https://smit.research.vub.be/en/policy-brief-93-digital-news-report-2025-wider-access-weaker-pull-more-channels-less-interest-and-a,brief text,
2024->2025,driver,National TV news daily,53 -> 51,%,,,imec.digimeter 2025,https://www.imec.be/sites/default/files/2026-03/imec.digimeter-2025-rapport.pdf,p.39,radio news daily 55%
->2025,driver,News via social media daily, -> 44,%,,,imec.digimeter 2025,https://www.imec.be/sites/default/files/2026-03/imec.digimeter-2025-rapport.pdf,p.39,"18-24: 65%, 25-34: 56% (weekly 57% all ages)"
2024->2025,driver,News via search engines daily,22 -> 33,%,,,imec.digimeter 2025,https://www.imec.be/sites/default/files/2026-03/imec.digimeter-2025-rapport.pdf,p.39,
2020->2025,driver,Watch live TV daily,56 -> 40,%,,,imec.digimeter 2025,https://www.imec.be/sites/default/files/2026-03/imec.digimeter-2025-rapport.pdf,p.23,25-34: 14%; 65-74: 65%
