year,broadcast,metric,value,unit,source,source_url,notes
2016,VRT 19:00 Journaal,avg viewers per broadcast (all days),1016411,viewers,CIM daily Top 20 (computed),https://www.cim.be/nl/televisie,"partial year: 2016-10-01..2016-12-31; Live+VOSDAL+Guests, TV only; coverage 98.9% of 91 CIM days"
2016,VRT 19:00 Journaal,avg viewers per broadcast (Mon-Fri),1075348,viewers,CIM daily Top 20 (computed),https://www.cim.be/nl/televisie,"partial year: 2016-10-01..2016-12-31; Live+VOSDAL+Guests, TV only; coverage 98.9% of 91 CIM days"
2016,VRT 19:00 Journaal,median viewers per broadcast,1040467,viewers,CIM daily Top 20 (computed),https://www.cim.be/nl/televisie,"partial year: 2016-10-01..2016-12-31; Live+VOSDAL+Guests, TV only; coverage 98.9% of 91 CIM days"
2016,VRT 19:00 Journaal,best day of year,1355048,viewers,CIM daily Top 20,https://www.cim.be/nl/televisie,"date 2016-11-09; Live+VOSDAL+Guests, TV only"
2017,VRT 19:00 Journaal,avg viewers per broadcast (all days),901084,viewers,CIM daily Top 20 (computed),https://www.cim.be/nl/televisie,"Live+VOSDAL+Guests, TV only; coverage 99.4% of 363 CIM days"
2017,VRT 19:00 Journaal,avg viewers per broadcast (Mon-Fri),942820,viewers,CIM daily Top 20 (computed),https://www.cim.be/nl/televisie,"Live+VOSDAL+Guests, TV only; coverage 99.4% of 363 CIM days"
2017,VRT 19:00 Journaal,median viewers per broadcast,903754,viewers,CIM daily Top 20 (computed),https://www.cim.be/nl/televisie,"Live+VOSDAL+Guests, TV only; coverage 99.4% of 363 CIM days"
2017,VRT 19:00 Journaal,best day of year,1358540,viewers,CIM daily Top 20,https://www.cim.be/nl/televisie,"date 2017-12-11; Live+VOSDAL+Guests, TV only"
2018,VRT 19:00 Journaal,avg viewers per broadcast (all days),863559,viewers,CIM daily Top 20 (computed),https://www.cim.be/nl/televisie,"Live+VOSDAL+Guests, TV only; coverage 99.2% of 365 CIM days"
2018,VRT 19:00 Journaal,avg viewers per broadcast (Mon-Fri),900029,viewers,CIM daily Top 20 (computed),https://www.cim.be/nl/televisie,"Live+VOSDAL+Guests, TV only; coverage 99.2% of 365 CIM days"
2018,VRT 19:00 Journaal,median viewers per broadcast,854782,viewers,CIM daily Top 20 (computed),https://www.cim.be/nl/televisie,"Live+VOSDAL+Guests, TV only; coverage 99.2% of 365 CIM days"
2018,VRT 19:00 Journaal,best day of year,1337923,viewers,CIM daily Top 20,https://www.cim.be/nl/televisie,"date 2018-06-18; Live+VOSDAL+Guests, TV only"
2019,VRT 19:00 Journaal,avg viewers per broadcast (all days),837979,viewers,CIM daily Top 20 (computed),https://www.cim.be/nl/televisie,"Live+VOSDAL+Guests, TV only; coverage 99.7% of 363 CIM days"
2019,VRT 19:00 Journaal,avg viewers per broadcast (Mon-Fri),879428,viewers,CIM daily Top 20 (computed),https://www.cim.be/nl/televisie,"Live+VOSDAL+Guests, TV only; coverage 99.7% of 363 CIM days"
2019,VRT 19:00 Journaal,median viewers per broadcast,846426,viewers,CIM daily Top 20 (computed),https://www.cim.be/nl/televisie,"Live+VOSDAL+Guests, TV only; coverage 99.7% of 363 CIM days"
2019,VRT 19:00 Journaal,best day of year,1134694,viewers,CIM daily Top 20,https://www.cim.be/nl/televisie,"date 2019-01-21; Live+VOSDAL+Guests, TV only"
2020,VRT 19:00 Journaal,avg viewers per broadcast (all days),1044233,viewers,CIM daily Top 20 (computed),https://www.cim.be/nl/televisie,Live+VOSDAL+Guests + same-day online (online live streams counted from 11 Jun 2021); coverage 100.0% of 366 CIM days
2020,VRT 19:00 Journaal,avg viewers per broadcast (Mon-Fri),1066100,viewers,CIM daily Top 20 (computed),https://www.cim.be/nl/televisie,Live+VOSDAL+Guests + same-day online (online live streams counted from 11 Jun 2021); coverage 100.0% of 366 CIM days
2020,VRT 19:00 Journaal,median viewers per broadcast,1023295,viewers,CIM daily Top 20 (computed),https://www.cim.be/nl/televisie,Live+VOSDAL+Guests + same-day online (online live streams counted from 11 Jun 2021); coverage 100.0% of 366 CIM days
2020,VRT 19:00 Journaal,best day of year,2008425,viewers,CIM daily Top 20,https://www.cim.be/nl/televisie,date 2020-11-30; Live+VOSDAL+Guests + same-day online (online live streams counted from 11 Jun 2021)
2021,VRT 19:00 Journaal,avg viewers per broadcast (all days),964919,viewers,CIM daily Top 20 (computed),https://www.cim.be/nl/televisie,Live+VOSDAL+Guests + same-day online (online live streams counted from 11 Jun 2021); coverage 98.4% of 365 CIM days
2021,VRT 19:00 Journaal,avg viewers per broadcast (Mon-Fri),997675,viewers,CIM daily Top 20 (computed),https://www.cim.be/nl/televisie,Live+VOSDAL+Guests + same-day online (online live streams counted from 11 Jun 2021); coverage 98.4% of 365 CIM days
2021,VRT 19:00 Journaal,median viewers per broadcast,975449,viewers,CIM daily Top 20 (computed),https://www.cim.be/nl/televisie,Live+VOSDAL+Guests + same-day online (online live streams counted from 11 Jun 2021); coverage 98.4% of 365 CIM days
2021,VRT 19:00 Journaal,best day of year,1360441,viewers,CIM daily Top 20,https://www.cim.be/nl/televisie,date 2021-01-20; Live+VOSDAL+Guests + same-day online (online live streams counted from 11 Jun 2021)
2022,VRT 19:00 Journaal,avg viewers per broadcast (all days),839671,viewers,CIM daily Top 20 (computed),https://www.cim.be/nl/televisie,Live+VOSDAL+Guests + same-day online (online live streams counted from 11 Jun 2021); coverage 98.9% of 365 CIM days
2022,VRT 19:00 Journaal,avg viewers per broadcast (Mon-Fri),873527,viewers,CIM daily Top 20 (computed),https://www.cim.be/nl/televisie,Live+VOSDAL+Guests + same-day online (online live streams counted from 11 Jun 2021); coverage 98.9% of 365 CIM days
2022,VRT 19:00 Journaal,median viewers per broadcast,833922,viewers,CIM daily Top 20 (computed),https://www.cim.be/nl/televisie,Live+VOSDAL+Guests + same-day online (online live streams counted from 11 Jun 2021); coverage 98.9% of 365 CIM days
2022,VRT 19:00 Journaal,best day of year,1215236,viewers,CIM daily Top 20,https://www.cim.be/nl/televisie,date 2022-02-24; Live+VOSDAL+Guests + same-day online (online live streams counted from 11 Jun 2021)
2023,VRT 19:00 Journaal,avg viewers per broadcast (all days),820963,viewers,CIM daily Top 20 (computed),https://www.cim.be/nl/televisie,Live+VOSDAL+Guests + same-day online (online live streams counted from 11 Jun 2021); coverage 100.0% of 365 CIM days
2023,VRT 19:00 Journaal,avg viewers per broadcast (Mon-Fri),863075,viewers,CIM daily Top 20 (computed),https://www.cim.be/nl/televisie,Live+VOSDAL+Guests + same-day online (online live streams counted from 11 Jun 2021); coverage 100.0% of 365 CIM days
2023,VRT 19:00 Journaal,median viewers per broadcast,832159,viewers,CIM daily Top 20 (computed),https://www.cim.be/nl/televisie,Live+VOSDAL+Guests + same-day online (online live streams counted from 11 Jun 2021); coverage 100.0% of 365 CIM days
2023,VRT 19:00 Journaal,best day of year,1192097,viewers,CIM daily Top 20,https://www.cim.be/nl/televisie,date 2023-03-20; Live+VOSDAL+Guests + same-day online (online live streams counted from 11 Jun 2021)
2024,VRT 19:00 Journaal,avg viewers per broadcast (all days),815469,viewers,CIM daily Top 20 (computed),https://www.cim.be/nl/televisie,Live+VOSDAL+Guests + same-day online (online live streams counted from 11 Jun 2021); coverage 98.6% of 366 CIM days
2024,VRT 19:00 Journaal,avg viewers per broadcast (Mon-Fri),846069,viewers,CIM daily Top 20 (computed),https://www.cim.be/nl/televisie,Live+VOSDAL+Guests + same-day online (online live streams counted from 11 Jun 2021); coverage 98.6% of 366 CIM days
2024,VRT 19:00 Journaal,median viewers per broadcast,821322,viewers,CIM daily Top 20 (computed),https://www.cim.be/nl/televisie,Live+VOSDAL+Guests + same-day online (online live streams counted from 11 Jun 2021); coverage 98.6% of 366 CIM days
2024,VRT 19:00 Journaal,best day of year,1122644,viewers,CIM daily Top 20,https://www.cim.be/nl/televisie,date 2024-01-17; Live+VOSDAL+Guests + same-day online (online live streams counted from 11 Jun 2021)
2025,VRT 19:00 Journaal,avg viewers per broadcast (all days),801628,viewers,CIM daily Top 20 (computed),https://www.cim.be/nl/televisie,Live+VOSDAL+Guests + same-day online (online live streams counted from 11 Jun 2021); coverage 100.0% of 365 CIM days
2025,VRT 19:00 Journaal,avg viewers per broadcast (Mon-Fri),835823,viewers,CIM daily Top 20 (computed),https://www.cim.be/nl/televisie,Live+VOSDAL+Guests + same-day online (online live streams counted from 11 Jun 2021); coverage 100.0% of 365 CIM days
2025,VRT 19:00 Journaal,median viewers per broadcast,810136,viewers,CIM daily Top 20 (computed),https://www.cim.be/nl/televisie,Live+VOSDAL+Guests + same-day online (online live streams counted from 11 Jun 2021); coverage 100.0% of 365 CIM days
2025,VRT 19:00 Journaal,best day of year,1084008,viewers,CIM daily Top 20,https://www.cim.be/nl/televisie,date 2025-01-27; Live+VOSDAL+Guests + same-day online (online live streams counted from 11 Jun 2021)
2026,VRT 19:00 Journaal,avg viewers per broadcast (all days),751697,viewers,CIM daily Top 20 (computed),https://www.cim.be/nl/televisie,partial year: 2026-01-01..2026-10-01; Live+VOSDAL+Guests + same-day online (online live streams counted from 11 Jun 2021); coverage 100.0% of 271 CIM days
2026,VRT 19:00 Journaal,avg viewers per broadcast (Mon-Fri),783867,viewers,CIM daily Top 20 (computed),https://www.cim.be/nl/televisie,partial year: 2026-01-01..2026-10-01; Live+VOSDAL+Guests + same-day online (online live streams counted from 11 Jun 2021); coverage 100.0% of 271 CIM days
2026,VRT 19:00 Journaal,median viewers per broadcast,743970,viewers,CIM daily Top 20 (computed),https://www.cim.be/nl/televisie,partial year: 2026-01-01..2026-10-01; Live+VOSDAL+Guests + same-day online (online live streams counted from 11 Jun 2021); coverage 100.0% of 271 CIM days
2026,VRT 19:00 Journaal,best day of year,1090074,viewers,CIM daily Top 20,https://www.cim.be/nl/televisie,date 2026-01-05; Live+VOSDAL+Guests + same-day online (online live streams counted from 11 Jun 2021)
2016,VRT 13:00 Journaal,avg viewers per broadcast (all days),431135,viewers,CIM daily Top 20 (computed),https://www.cim.be/nl/televisie,"partial year: 2016-10-01..2016-12-31; Live+VOSDAL+Guests, TV only; coverage 98.9% of 91 CIM days"
2016,VRT 13:00 Journaal,avg viewers per broadcast (Mon-Fri),416336,viewers,CIM daily Top 20 (computed),https://www.cim.be/nl/televisie,"partial year: 2016-10-01..2016-12-31; Live+VOSDAL+Guests, TV only; coverage 98.9% of 91 CIM days"
2016,VRT 13:00 Journaal,median viewers per broadcast,409209,viewers,CIM daily Top 20 (computed),https://www.cim.be/nl/televisie,"partial year: 2016-10-01..2016-12-31; Live+VOSDAL+Guests, TV only; coverage 98.9% of 91 CIM days"
2016,VRT 13:00 Journaal,best day of year,700772,viewers,CIM daily Top 20,https://www.cim.be/nl/televisie,"date 2016-11-20; Live+VOSDAL+Guests, TV only"
2017,VRT 13:00 Journaal,avg viewers per broadcast (all days),396260,viewers,CIM daily Top 20 (computed),https://www.cim.be/nl/televisie,"Live+VOSDAL+Guests, TV only; coverage 99.4% of 363 CIM days"
2017,VRT 13:00 Journaal,avg viewers per broadcast (Mon-Fri),382501,viewers,CIM daily Top 20 (computed),https://www.cim.be/nl/televisie,"Live+VOSDAL+Guests, TV only; coverage 99.4% of 363 CIM days"
2017,VRT 13:00 Journaal,median viewers per broadcast,384157,viewers,CIM daily Top 20 (computed),https://www.cim.be/nl/televisie,"Live+VOSDAL+Guests, TV only; coverage 99.4% of 363 CIM days"
2017,VRT 13:00 Journaal,best day of year,691367,viewers,CIM daily Top 20,https://www.cim.be/nl/televisie,"date 2017-12-10; Live+VOSDAL+Guests, TV only"
2018,VRT 13:00 Journaal,avg viewers per broadcast (all days),372023,viewers,CIM daily Top 20 (computed),https://www.cim.be/nl/televisie,"Live+VOSDAL+Guests, TV only; coverage 99.2% of 365 CIM days"
2018,VRT 13:00 Journaal,avg viewers per broadcast (Mon-Fri),357525,viewers,CIM daily Top 20 (computed),https://www.cim.be/nl/televisie,"Live+VOSDAL+Guests, TV only; coverage 99.2% of 365 CIM days"
2018,VRT 13:00 Journaal,median viewers per broadcast,359112,viewers,CIM daily Top 20 (computed),https://www.cim.be/nl/televisie,"Live+VOSDAL+Guests, TV only; coverage 99.2% of 365 CIM days"
2018,VRT 13:00 Journaal,best day of year,687536,viewers,CIM daily Top 20,https://www.cim.be/nl/televisie,"date 2018-04-01; Live+VOSDAL+Guests, TV only"
2019,VRT 13:00 Journaal,avg viewers per broadcast (all days),356918,viewers,CIM daily Top 20 (computed),https://www.cim.be/nl/televisie,"Live+VOSDAL+Guests, TV only; coverage 99.7% of 363 CIM days"
2019,VRT 13:00 Journaal,avg viewers per broadcast (Mon-Fri),340588,viewers,CIM daily Top 20 (computed),https://www.cim.be/nl/televisie,"Live+VOSDAL+Guests, TV only; coverage 99.7% of 363 CIM days"
2019,VRT 13:00 Journaal,median viewers per broadcast,345888,viewers,CIM daily Top 20 (computed),https://www.cim.be/nl/televisie,"Live+VOSDAL+Guests, TV only; coverage 99.7% of 363 CIM days"
2019,VRT 13:00 Journaal,best day of year,616052,viewers,CIM daily Top 20,https://www.cim.be/nl/televisie,"date 2019-03-03; Live+VOSDAL+Guests, TV only"
2020,VRT 13:00 Journaal,avg viewers per broadcast (all days),456711,viewers,CIM daily Top 20 (computed),https://www.cim.be/nl/televisie,Live+VOSDAL+Guests + same-day online (online live streams counted from 11 Jun 2021); coverage 99.5% of 366 CIM days
2020,VRT 13:00 Journaal,avg viewers per broadcast (Mon-Fri),434061,viewers,CIM daily Top 20 (computed),https://www.cim.be/nl/televisie,Live+VOSDAL+Guests + same-day online (online live streams counted from 11 Jun 2021); coverage 99.5% of 366 CIM days
2020,VRT 13:00 Journaal,median viewers per broadcast,431945,viewers,CIM daily Top 20 (computed),https://www.cim.be/nl/televisie,Live+VOSDAL+Guests + same-day online (online live streams counted from 11 Jun 2021); coverage 99.5% of 366 CIM days
2020,VRT 13:00 Journaal,best day of year,1041306,viewers,CIM daily Top 20,https://www.cim.be/nl/televisie,date 2020-03-22; Live+VOSDAL+Guests + same-day online (online live streams counted from 11 Jun 2021)
2021,VRT 13:00 Journaal,avg viewers per broadcast (all days),469656,viewers,CIM daily Top 20 (computed),https://www.cim.be/nl/televisie,Live+VOSDAL+Guests + same-day online (online live streams counted from 11 Jun 2021); coverage 99.5% of 365 CIM days
2021,VRT 13:00 Journaal,avg viewers per broadcast (Mon-Fri),453338,viewers,CIM daily Top 20 (computed),https://www.cim.be/nl/televisie,Live+VOSDAL+Guests + same-day online (online live streams counted from 11 Jun 2021); coverage 99.5% of 365 CIM days
2021,VRT 13:00 Journaal,median viewers per broadcast,456890,viewers,CIM daily Top 20 (computed),https://www.cim.be/nl/televisie,Live+VOSDAL+Guests + same-day online (online live streams counted from 11 Jun 2021); coverage 99.5% of 365 CIM days
2021,VRT 13:00 Journaal,best day of year,1254726,viewers,CIM daily Top 20,https://www.cim.be/nl/televisie,date 2021-08-01; Live+VOSDAL+Guests + same-day online (online live streams counted from 11 Jun 2021)
2022,VRT 13:00 Journaal,avg viewers per broadcast (all days),426147,viewers,CIM daily Top 20 (computed),https://www.cim.be/nl/televisie,Live+VOSDAL+Guests + same-day online (online live streams counted from 11 Jun 2021); coverage 98.6% of 365 CIM days
2022,VRT 13:00 Journaal,avg viewers per broadcast (Mon-Fri),418868,viewers,CIM daily Top 20 (computed),https://www.cim.be/nl/televisie,Live+VOSDAL+Guests + same-day online (online live streams counted from 11 Jun 2021); coverage 98.6% of 365 CIM days
2022,VRT 13:00 Journaal,median viewers per broadcast,409043,viewers,CIM daily Top 20 (computed),https://www.cim.be/nl/televisie,Live+VOSDAL+Guests + same-day online (online live streams counted from 11 Jun 2021); coverage 98.6% of 365 CIM days
2022,VRT 13:00 Journaal,best day of year,710427,viewers,CIM daily Top 20,https://www.cim.be/nl/televisie,date 2022-02-18; Live+VOSDAL+Guests + same-day online (online live streams counted from 11 Jun 2021)
2023,VRT 13:00 Journaal,avg viewers per broadcast (all days),389901,viewers,CIM daily Top 20 (computed),https://www.cim.be/nl/televisie,Live+VOSDAL+Guests + same-day online (online live streams counted from 11 Jun 2021); coverage 88.2% of 365 CIM days
2023,VRT 13:00 Journaal,avg viewers per broadcast (Mon-Fri),378621,viewers,CIM daily Top 20 (computed),https://www.cim.be/nl/televisie,Live+VOSDAL+Guests + same-day online (online live streams counted from 11 Jun 2021); coverage 88.2% of 365 CIM days
2023,VRT 13:00 Journaal,median viewers per broadcast,381980,viewers,CIM daily Top 20 (computed),https://www.cim.be/nl/televisie,Live+VOSDAL+Guests + same-day online (online live streams counted from 11 Jun 2021); coverage 88.2% of 365 CIM days
2023,VRT 13:00 Journaal,best day of year,631194,viewers,CIM daily Top 20,https://www.cim.be/nl/televisie,date 2023-07-23; Live+VOSDAL+Guests + same-day online (online live streams counted from 11 Jun 2021)
2024,VRT 13:00 Journaal,avg viewers per broadcast (all days),387532,viewers,CIM daily Top 20 (computed),https://www.cim.be/nl/televisie,Live+VOSDAL+Guests + same-day online (online live streams counted from 11 Jun 2021); coverage 99.7% of 366 CIM days
2024,VRT 13:00 Journaal,avg viewers per broadcast (Mon-Fri),377027,viewers,CIM daily Top 20 (computed),https://www.cim.be/nl/televisie,Live+VOSDAL+Guests + same-day online (online live streams counted from 11 Jun 2021); coverage 99.7% of 366 CIM days
2024,VRT 13:00 Journaal,median viewers per broadcast,381042,viewers,CIM daily Top 20 (computed),https://www.cim.be/nl/televisie,Live+VOSDAL+Guests + same-day online (online live streams counted from 11 Jun 2021); coverage 99.7% of 366 CIM days
2024,VRT 13:00 Journaal,best day of year,616749,viewers,CIM daily Top 20,https://www.cim.be/nl/televisie,date 2024-01-14; Live+VOSDAL+Guests + same-day online (online live streams counted from 11 Jun 2021)
2025,VRT 13:00 Journaal,avg viewers per broadcast (all days),357369,viewers,CIM daily Top 20 (computed),https://www.cim.be/nl/televisie,Live+VOSDAL+Guests + same-day online (online live streams counted from 11 Jun 2021); coverage 99.5% of 365 CIM days
2025,VRT 13:00 Journaal,avg viewers per broadcast (Mon-Fri),352382,viewers,CIM daily Top 20 (computed),https://www.cim.be/nl/televisie,Live+VOSDAL+Guests + same-day online (online live streams counted from 11 Jun 2021); coverage 99.5% of 365 CIM days
2025,VRT 13:00 Journaal,median viewers per broadcast,350427,viewers,CIM daily Top 20 (computed),https://www.cim.be/nl/televisie,Live+VOSDAL+Guests + same-day online (online live streams counted from 11 Jun 2021); coverage 99.5% of 365 CIM days
2025,VRT 13:00 Journaal,best day of year,610373,viewers,CIM daily Top 20,https://www.cim.be/nl/televisie,date 2025-01-12; Live+VOSDAL+Guests + same-day online (online live streams counted from 11 Jun 2021)
2026,VRT 13:00 Journaal,avg viewers per broadcast (all days),343558,viewers,CIM daily Top 20 (computed),https://www.cim.be/nl/televisie,partial year: 2026-01-01..2026-10-01; Live+VOSDAL+Guests + same-day online (online live streams counted from 11 Jun 2021); coverage 99.6% of 271 CIM days
2026,VRT 13:00 Journaal,avg viewers per broadcast (Mon-Fri),339957,viewers,CIM daily Top 20 (computed),https://www.cim.be/nl/televisie,partial year: 2026-01-01..2026-10-01; Live+VOSDAL+Guests + same-day online (online live streams counted from 11 Jun 2021); coverage 99.6% of 271 CIM days
2026,VRT 13:00 Journaal,median viewers per broadcast,338084,viewers,CIM daily Top 20 (computed),https://www.cim.be/nl/televisie,partial year: 2026-01-01..2026-10-01; Live+VOSDAL+Guests + same-day online (online live streams counted from 11 Jun 2021); coverage 99.6% of 271 CIM days
2026,VRT 13:00 Journaal,best day of year,532263,viewers,CIM daily Top 20,https://www.cim.be/nl/televisie,date 2026-03-01; Live+VOSDAL+Guests + same-day online (online live streams counted from 11 Jun 2021)
2016,VTM NIEUWS 19:00 (context),avg viewers per broadcast (all days),629782,viewers,CIM daily Top 20 (computed),https://www.cim.be/nl/televisie,"partial year: 2016-10-01..2016-12-31; Live+VOSDAL+Guests, TV only; coverage 98.9% of 91 CIM days"
2016,VTM NIEUWS 19:00 (context),avg viewers per broadcast (Mon-Fri),664969,viewers,CIM daily Top 20 (computed),https://www.cim.be/nl/televisie,"partial year: 2016-10-01..2016-12-31; Live+VOSDAL+Guests, TV only; coverage 98.9% of 91 CIM days"
2016,VTM NIEUWS 19:00 (context),median viewers per broadcast,638178,viewers,CIM daily Top 20 (computed),https://www.cim.be/nl/televisie,"partial year: 2016-10-01..2016-12-31; Live+VOSDAL+Guests, TV only; coverage 98.9% of 91 CIM days"
2016,VTM NIEUWS 19:00 (context),best day of year,798364,viewers,CIM daily Top 20,https://www.cim.be/nl/televisie,"date 2016-12-05; Live+VOSDAL+Guests, TV only"
2017,VTM NIEUWS 19:00 (context),avg viewers per broadcast (all days),556732,viewers,CIM daily Top 20 (computed),https://www.cim.be/nl/televisie,"Live+VOSDAL+Guests, TV only; coverage 100.0% of 363 CIM days"
2017,VTM NIEUWS 19:00 (context),avg viewers per broadcast (Mon-Fri),596896,viewers,CIM daily Top 20 (computed),https://www.cim.be/nl/televisie,"Live+VOSDAL+Guests, TV only; coverage 100.0% of 363 CIM days"
2017,VTM NIEUWS 19:00 (context),median viewers per broadcast,565643,viewers,CIM daily Top 20 (computed),https://www.cim.be/nl/televisie,"Live+VOSDAL+Guests, TV only; coverage 100.0% of 363 CIM days"
2017,VTM NIEUWS 19:00 (context),best day of year,783766,viewers,CIM daily Top 20,https://www.cim.be/nl/televisie,"date 2017-12-11; Live+VOSDAL+Guests, TV only"
2018,VTM NIEUWS 19:00 (context),avg viewers per broadcast (all days),545548,viewers,CIM daily Top 20 (computed),https://www.cim.be/nl/televisie,"Live+VOSDAL+Guests, TV only; coverage 99.2% of 365 CIM days"
2018,VTM NIEUWS 19:00 (context),avg viewers per broadcast (Mon-Fri),576860,viewers,CIM daily Top 20 (computed),https://www.cim.be/nl/televisie,"Live+VOSDAL+Guests, TV only; coverage 99.2% of 365 CIM days"
2018,VTM NIEUWS 19:00 (context),median viewers per broadcast,562084,viewers,CIM daily Top 20 (computed),https://www.cim.be/nl/televisie,"Live+VOSDAL+Guests, TV only; coverage 99.2% of 365 CIM days"
2018,VTM NIEUWS 19:00 (context),best day of year,812194,viewers,CIM daily Top 20,https://www.cim.be/nl/televisie,"date 2018-03-02; Live+VOSDAL+Guests, TV only"
2019,VTM NIEUWS 19:00 (context),avg viewers per broadcast (all days),556788,viewers,CIM daily Top 20 (computed),https://www.cim.be/nl/televisie,"Live+VOSDAL+Guests, TV only; coverage 98.9% of 363 CIM days"
2019,VTM NIEUWS 19:00 (context),avg viewers per broadcast (Mon-Fri),583940,viewers,CIM daily Top 20 (computed),https://www.cim.be/nl/televisie,"Live+VOSDAL+Guests, TV only; coverage 98.9% of 363 CIM days"
2019,VTM NIEUWS 19:00 (context),median viewers per broadcast,558483,viewers,CIM daily Top 20 (computed),https://www.cim.be/nl/televisie,"Live+VOSDAL+Guests, TV only; coverage 98.9% of 363 CIM days"
2019,VTM NIEUWS 19:00 (context),best day of year,782700,viewers,CIM daily Top 20,https://www.cim.be/nl/televisie,"date 2019-12-09; Live+VOSDAL+Guests, TV only"
2020,VTM NIEUWS 19:00 (context),avg viewers per broadcast (all days),697601,viewers,CIM daily Top 20 (computed),https://www.cim.be/nl/televisie,Live+VOSDAL+Guests + same-day online (online live streams counted from 11 Jun 2021); coverage 99.5% of 366 CIM days
2020,VTM NIEUWS 19:00 (context),avg viewers per broadcast (Mon-Fri),717045,viewers,CIM daily Top 20 (computed),https://www.cim.be/nl/televisie,Live+VOSDAL+Guests + same-day online (online live streams counted from 11 Jun 2021); coverage 99.5% of 366 CIM days
2020,VTM NIEUWS 19:00 (context),median viewers per broadcast,688629,viewers,CIM daily Top 20 (computed),https://www.cim.be/nl/televisie,Live+VOSDAL+Guests + same-day online (online live streams counted from 11 Jun 2021); coverage 99.5% of 366 CIM days
2020,VTM NIEUWS 19:00 (context),best day of year,1118638,viewers,CIM daily Top 20,https://www.cim.be/nl/televisie,date 2020-10-30; Live+VOSDAL+Guests + same-day online (online live streams counted from 11 Jun 2021)
2021,VTM NIEUWS 19:00 (context),avg viewers per broadcast (all days),610766,viewers,CIM daily Top 20 (computed),https://www.cim.be/nl/televisie,Live+VOSDAL+Guests + same-day online (online live streams counted from 11 Jun 2021); coverage 99.7% of 365 CIM days
2021,VTM NIEUWS 19:00 (context),avg viewers per broadcast (Mon-Fri),635910,viewers,CIM daily Top 20 (computed),https://www.cim.be/nl/televisie,Live+VOSDAL+Guests + same-day online (online live streams counted from 11 Jun 2021); coverage 99.7% of 365 CIM days
2021,VTM NIEUWS 19:00 (context),median viewers per broadcast,613359,viewers,CIM daily Top 20 (computed),https://www.cim.be/nl/televisie,Live+VOSDAL+Guests + same-day online (online live streams counted from 11 Jun 2021); coverage 99.7% of 365 CIM days
2021,VTM NIEUWS 19:00 (context),best day of year,841442,viewers,CIM daily Top 20,https://www.cim.be/nl/televisie,date 2021-02-01; Live+VOSDAL+Guests + same-day online (online live streams counted from 11 Jun 2021)
2022,VTM NIEUWS 19:00 (context),avg viewers per broadcast (all days),593352,viewers,CIM daily Top 20 (computed),https://www.cim.be/nl/televisie,Live+VOSDAL+Guests + same-day online (online live streams counted from 11 Jun 2021); coverage 100.0% of 365 CIM days
2022,VTM NIEUWS 19:00 (context),avg viewers per broadcast (Mon-Fri),624507,viewers,CIM daily Top 20 (computed),https://www.cim.be/nl/televisie,Live+VOSDAL+Guests + same-day online (online live streams counted from 11 Jun 2021); coverage 100.0% of 365 CIM days
2022,VTM NIEUWS 19:00 (context),median viewers per broadcast,596753,viewers,CIM daily Top 20 (computed),https://www.cim.be/nl/televisie,Live+VOSDAL+Guests + same-day online (online live streams counted from 11 Jun 2021); coverage 100.0% of 365 CIM days
2022,VTM NIEUWS 19:00 (context),best day of year,897816,viewers,CIM daily Top 20,https://www.cim.be/nl/televisie,date 2022-02-18; Live+VOSDAL+Guests + same-day online (online live streams counted from 11 Jun 2021)
2023,VTM NIEUWS 19:00 (context),avg viewers per broadcast (all days),576605,viewers,CIM daily Top 20 (computed),https://www.cim.be/nl/televisie,Live+VOSDAL+Guests + same-day online (online live streams counted from 11 Jun 2021); coverage 100.0% of 365 CIM days
2023,VTM NIEUWS 19:00 (context),avg viewers per broadcast (Mon-Fri),608334,viewers,CIM daily Top 20 (computed),https://www.cim.be/nl/televisie,Live+VOSDAL+Guests + same-day online (online live streams counted from 11 Jun 2021); coverage 100.0% of 365 CIM days
2023,VTM NIEUWS 19:00 (context),median viewers per broadcast,577266,viewers,CIM daily Top 20 (computed),https://www.cim.be/nl/televisie,Live+VOSDAL+Guests + same-day online (online live streams counted from 11 Jun 2021); coverage 100.0% of 365 CIM days
2023,VTM NIEUWS 19:00 (context),best day of year,804572,viewers,CIM daily Top 20,https://www.cim.be/nl/televisie,date 2023-11-20; Live+VOSDAL+Guests + same-day online (online live streams counted from 11 Jun 2021)
2024,VTM NIEUWS 19:00 (context),avg viewers per broadcast (all days),535584,viewers,CIM daily Top 20 (computed),https://www.cim.be/nl/televisie,Live+VOSDAL+Guests + same-day online (online live streams counted from 11 Jun 2021); coverage 99.5% of 366 CIM days
2024,VTM NIEUWS 19:00 (context),avg viewers per broadcast (Mon-Fri),559936,viewers,CIM daily Top 20 (computed),https://www.cim.be/nl/televisie,Live+VOSDAL+Guests + same-day online (online live streams counted from 11 Jun 2021); coverage 99.5% of 366 CIM days
2024,VTM NIEUWS 19:00 (context),median viewers per broadcast,540176,viewers,CIM daily Top 20 (computed),https://www.cim.be/nl/televisie,Live+VOSDAL+Guests + same-day online (online live streams counted from 11 Jun 2021); coverage 99.5% of 366 CIM days
2024,VTM NIEUWS 19:00 (context),best day of year,775067,viewers,CIM daily Top 20,https://www.cim.be/nl/televisie,date 2024-01-17; Live+VOSDAL+Guests + same-day online (online live streams counted from 11 Jun 2021)
2025,VTM NIEUWS 19:00 (context),avg viewers per broadcast (all days),531521,viewers,CIM daily Top 20 (computed),https://www.cim.be/nl/televisie,Live+VOSDAL+Guests + same-day online (online live streams counted from 11 Jun 2021); coverage 100.0% of 365 CIM days
2025,VTM NIEUWS 19:00 (context),avg viewers per broadcast (Mon-Fri),552018,viewers,CIM daily Top 20 (computed),https://www.cim.be/nl/televisie,Live+VOSDAL+Guests + same-day online (online live streams counted from 11 Jun 2021); coverage 100.0% of 365 CIM days
2025,VTM NIEUWS 19:00 (context),median viewers per broadcast,535542,viewers,CIM daily Top 20 (computed),https://www.cim.be/nl/televisie,Live+VOSDAL+Guests + same-day online (online live streams counted from 11 Jun 2021); coverage 100.0% of 365 CIM days
2025,VTM NIEUWS 19:00 (context),best day of year,735655,viewers,CIM daily Top 20,https://www.cim.be/nl/televisie,date 2025-01-06; Live+VOSDAL+Guests + same-day online (online live streams counted from 11 Jun 2021)
2026,VTM NIEUWS 19:00 (context),avg viewers per broadcast (all days),504843,viewers,CIM daily Top 20 (computed),https://www.cim.be/nl/televisie,partial year: 2026-01-01..2026-10-01; Live+VOSDAL+Guests + same-day online (online live streams counted from 11 Jun 2021); coverage 100.0% of 271 CIM days
2026,VTM NIEUWS 19:00 (context),avg viewers per broadcast (Mon-Fri),527355,viewers,CIM daily Top 20 (computed),https://www.cim.be/nl/televisie,partial year: 2026-01-01..2026-10-01; Live+VOSDAL+Guests + same-day online (online live streams counted from 11 Jun 2021); coverage 100.0% of 271 CIM days
2026,VTM NIEUWS 19:00 (context),median viewers per broadcast,504776,viewers,CIM daily Top 20 (computed),https://www.cim.be/nl/televisie,partial year: 2026-01-01..2026-10-01; Live+VOSDAL+Guests + same-day online (online live streams counted from 11 Jun 2021); coverage 100.0% of 271 CIM days
2026,VTM NIEUWS 19:00 (context),best day of year,710422,viewers,CIM daily Top 20,https://www.cim.be/nl/televisie,date 2026-01-08; Live+VOSDAL+Guests + same-day online (online live streams counted from 11 Jun 2021)
2016,VTM NIEUWS 13:00 (context),avg viewers per broadcast (all days),236067,viewers,CIM daily Top 20 (computed),https://www.cim.be/nl/televisie,"partial year: 2016-10-01..2016-12-31; Live+VOSDAL+Guests, TV only; coverage 86.8% of 91 CIM days"
2016,VTM NIEUWS 13:00 (context),avg viewers per broadcast (Mon-Fri),229827,viewers,CIM daily Top 20 (computed),https://www.cim.be/nl/televisie,"partial year: 2016-10-01..2016-12-31; Live+VOSDAL+Guests, TV only; coverage 86.8% of 91 CIM days"
2016,VTM NIEUWS 13:00 (context),median viewers per broadcast,231091,viewers,CIM daily Top 20 (computed),https://www.cim.be/nl/televisie,"partial year: 2016-10-01..2016-12-31; Live+VOSDAL+Guests, TV only; coverage 86.8% of 91 CIM days"
2016,VTM NIEUWS 13:00 (context),best day of year,393688,viewers,CIM daily Top 20,https://www.cim.be/nl/televisie,"date 2016-11-13; Live+VOSDAL+Guests, TV only"
2017,VTM NIEUWS 13:00 (context),avg viewers per broadcast (all days),222905,viewers,CIM daily Top 20 (computed),https://www.cim.be/nl/televisie,"Live+VOSDAL+Guests, TV only; coverage 84.0% of 363 CIM days"
2017,VTM NIEUWS 13:00 (context),avg viewers per broadcast (Mon-Fri),214550,viewers,CIM daily Top 20 (computed),https://www.cim.be/nl/televisie,"Live+VOSDAL+Guests, TV only; coverage 84.0% of 363 CIM days"
2017,VTM NIEUWS 13:00 (context),median viewers per broadcast,218558,viewers,CIM daily Top 20 (computed),https://www.cim.be/nl/televisie,"Live+VOSDAL+Guests, TV only; coverage 84.0% of 363 CIM days"
2017,VTM NIEUWS 13:00 (context),best day of year,524598,viewers,CIM daily Top 20,https://www.cim.be/nl/televisie,"date 2017-01-01; Live+VOSDAL+Guests, TV only"
2018,VTM NIEUWS 13:00 (context),avg viewers per broadcast (all days),232345,viewers,CIM daily Top 20 (computed),https://www.cim.be/nl/televisie,"Live+VOSDAL+Guests, TV only; coverage 92.3% of 365 CIM days"
2018,VTM NIEUWS 13:00 (context),avg viewers per broadcast (Mon-Fri),229322,viewers,CIM daily Top 20 (computed),https://www.cim.be/nl/televisie,"Live+VOSDAL+Guests, TV only; coverage 92.3% of 365 CIM days"
2018,VTM NIEUWS 13:00 (context),median viewers per broadcast,229111,viewers,CIM daily Top 20 (computed),https://www.cim.be/nl/televisie,"Live+VOSDAL+Guests, TV only; coverage 92.3% of 365 CIM days"
2018,VTM NIEUWS 13:00 (context),best day of year,512999,viewers,CIM daily Top 20,https://www.cim.be/nl/televisie,"date 2018-01-01; Live+VOSDAL+Guests, TV only"
2019,VTM NIEUWS 13:00 (context),avg viewers per broadcast (all days),248810,viewers,CIM daily Top 20 (computed),https://www.cim.be/nl/televisie,"Live+VOSDAL+Guests, TV only; coverage 95.0% of 363 CIM days"
2019,VTM NIEUWS 13:00 (context),avg viewers per broadcast (Mon-Fri),245715,viewers,CIM daily Top 20 (computed),https://www.cim.be/nl/televisie,"Live+VOSDAL+Guests, TV only; coverage 95.0% of 363 CIM days"
2019,VTM NIEUWS 13:00 (context),median viewers per broadcast,245697,viewers,CIM daily Top 20 (computed),https://www.cim.be/nl/televisie,"Live+VOSDAL+Guests, TV only; coverage 95.0% of 363 CIM days"
2019,VTM NIEUWS 13:00 (context),best day of year,449300,viewers,CIM daily Top 20,https://www.cim.be/nl/televisie,"date 2019-01-01; Live+VOSDAL+Guests, TV only"
2020,VTM NIEUWS 13:00 (context),avg viewers per broadcast (all days),302220,viewers,CIM daily Top 20 (computed),https://www.cim.be/nl/televisie,Live+VOSDAL+Guests + same-day online (online live streams counted from 11 Jun 2021); coverage 96.2% of 366 CIM days
2020,VTM NIEUWS 13:00 (context),avg viewers per broadcast (Mon-Fri),298783,viewers,CIM daily Top 20 (computed),https://www.cim.be/nl/televisie,Live+VOSDAL+Guests + same-day online (online live streams counted from 11 Jun 2021); coverage 96.2% of 366 CIM days
2020,VTM NIEUWS 13:00 (context),median viewers per broadcast,290673,viewers,CIM daily Top 20 (computed),https://www.cim.be/nl/televisie,Live+VOSDAL+Guests + same-day online (online live streams counted from 11 Jun 2021); coverage 96.2% of 366 CIM days
2020,VTM NIEUWS 13:00 (context),best day of year,611312,viewers,CIM daily Top 20,https://www.cim.be/nl/televisie,date 2020-03-29; Live+VOSDAL+Guests + same-day online (online live streams counted from 11 Jun 2021)
2021,VTM NIEUWS 13:00 (context),avg viewers per broadcast (all days),247351,viewers,CIM daily Top 20 (computed),https://www.cim.be/nl/televisie,Live+VOSDAL+Guests + same-day online (online live streams counted from 11 Jun 2021); coverage 96.4% of 365 CIM days
2021,VTM NIEUWS 13:00 (context),avg viewers per broadcast (Mon-Fri),245538,viewers,CIM daily Top 20 (computed),https://www.cim.be/nl/televisie,Live+VOSDAL+Guests + same-day online (online live streams counted from 11 Jun 2021); coverage 96.4% of 365 CIM days
2021,VTM NIEUWS 13:00 (context),median viewers per broadcast,242792,viewers,CIM daily Top 20 (computed),https://www.cim.be/nl/televisie,Live+VOSDAL+Guests + same-day online (online live streams counted from 11 Jun 2021); coverage 96.4% of 365 CIM days
2021,VTM NIEUWS 13:00 (context),best day of year,489170,viewers,CIM daily Top 20,https://www.cim.be/nl/televisie,date 2021-01-01; Live+VOSDAL+Guests + same-day online (online live streams counted from 11 Jun 2021)
2022,VTM NIEUWS 13:00 (context),avg viewers per broadcast (all days),241449,viewers,CIM daily Top 20 (computed),https://www.cim.be/nl/televisie,Live+VOSDAL+Guests + same-day online (online live streams counted from 11 Jun 2021); coverage 97.3% of 365 CIM days
2022,VTM NIEUWS 13:00 (context),avg viewers per broadcast (Mon-Fri),242032,viewers,CIM daily Top 20 (computed),https://www.cim.be/nl/televisie,Live+VOSDAL+Guests + same-day online (online live streams counted from 11 Jun 2021); coverage 97.3% of 365 CIM days
2022,VTM NIEUWS 13:00 (context),median viewers per broadcast,239112,viewers,CIM daily Top 20 (computed),https://www.cim.be/nl/televisie,Live+VOSDAL+Guests + same-day online (online live streams counted from 11 Jun 2021); coverage 97.3% of 365 CIM days
2022,VTM NIEUWS 13:00 (context),best day of year,455520,viewers,CIM daily Top 20,https://www.cim.be/nl/televisie,date 2022-01-01; Live+VOSDAL+Guests + same-day online (online live streams counted from 11 Jun 2021)
2023,VTM NIEUWS 13:00 (context),avg viewers per broadcast (all days),230666,viewers,CIM daily Top 20 (computed),https://www.cim.be/nl/televisie,Live+VOSDAL+Guests + same-day online (online live streams counted from 11 Jun 2021); coverage 88.8% of 365 CIM days
2023,VTM NIEUWS 13:00 (context),avg viewers per broadcast (Mon-Fri),232509,viewers,CIM daily Top 20 (computed),https://www.cim.be/nl/televisie,Live+VOSDAL+Guests + same-day online (online live streams counted from 11 Jun 2021); coverage 88.8% of 365 CIM days
2023,VTM NIEUWS 13:00 (context),median viewers per broadcast,228256,viewers,CIM daily Top 20 (computed),https://www.cim.be/nl/televisie,Live+VOSDAL+Guests + same-day online (online live streams counted from 11 Jun 2021); coverage 88.8% of 365 CIM days
2023,VTM NIEUWS 13:00 (context),best day of year,464529,viewers,CIM daily Top 20,https://www.cim.be/nl/televisie,date 2023-01-01; Live+VOSDAL+Guests + same-day online (online live streams counted from 11 Jun 2021)
2024,VTM NIEUWS 13:00 (context),avg viewers per broadcast (all days),210201,viewers,CIM daily Top 20 (computed),https://www.cim.be/nl/televisie,Live+VOSDAL+Guests + same-day online (online live streams counted from 11 Jun 2021); coverage 91.5% of 366 CIM days
2024,VTM NIEUWS 13:00 (context),avg viewers per broadcast (Mon-Fri),213953,viewers,CIM daily Top 20 (computed),https://www.cim.be/nl/televisie,Live+VOSDAL+Guests + same-day online (online live streams counted from 11 Jun 2021); coverage 91.5% of 366 CIM days
2024,VTM NIEUWS 13:00 (context),median viewers per broadcast,205726,viewers,CIM daily Top 20 (computed),https://www.cim.be/nl/televisie,Live+VOSDAL+Guests + same-day online (online live streams counted from 11 Jun 2021); coverage 91.5% of 366 CIM days
2024,VTM NIEUWS 13:00 (context),best day of year,454642,viewers,CIM daily Top 20,https://www.cim.be/nl/televisie,date 2024-01-01; Live+VOSDAL+Guests + same-day online (online live streams counted from 11 Jun 2021)
2025,VTM NIEUWS 13:00 (context),avg viewers per broadcast (all days),220713,viewers,CIM daily Top 20 (computed),https://www.cim.be/nl/televisie,Live+VOSDAL+Guests + same-day online (online live streams counted from 11 Jun 2021); coverage 94.2% of 365 CIM days
2025,VTM NIEUWS 13:00 (context),avg viewers per broadcast (Mon-Fri),223219,viewers,CIM daily Top 20 (computed),https://www.cim.be/nl/televisie,Live+VOSDAL+Guests + same-day online (online live streams counted from 11 Jun 2021); coverage 94.2% of 365 CIM days
2025,VTM NIEUWS 13:00 (context),median viewers per broadcast,218184,viewers,CIM daily Top 20 (computed),https://www.cim.be/nl/televisie,Live+VOSDAL+Guests + same-day online (online live streams counted from 11 Jun 2021); coverage 94.2% of 365 CIM days
2025,VTM NIEUWS 13:00 (context),best day of year,441184,viewers,CIM daily Top 20,https://www.cim.be/nl/televisie,date 2025-01-01; Live+VOSDAL+Guests + same-day online (online live streams counted from 11 Jun 2021)
2026,VTM NIEUWS 13:00 (context),avg viewers per broadcast (all days),230949,viewers,CIM daily Top 20 (computed),https://www.cim.be/nl/televisie,partial year: 2026-01-01..2026-10-01; Live+VOSDAL+Guests + same-day online (online live streams counted from 11 Jun 2021); coverage 98.9% of 271 CIM days
2026,VTM NIEUWS 13:00 (context),avg viewers per broadcast (Mon-Fri),233455,viewers,CIM daily Top 20 (computed),https://www.cim.be/nl/televisie,partial year: 2026-01-01..2026-10-01; Live+VOSDAL+Guests + same-day online (online live streams counted from 11 Jun 2021); coverage 98.9% of 271 CIM days
2026,VTM NIEUWS 13:00 (context),median viewers per broadcast,229038,viewers,CIM daily Top 20 (computed),https://www.cim.be/nl/televisie,partial year: 2026-01-01..2026-10-01; Live+VOSDAL+Guests + same-day online (online live streams counted from 11 Jun 2021); coverage 98.9% of 271 CIM days
2026,VTM NIEUWS 13:00 (context),best day of year,530698,viewers,CIM daily Top 20,https://www.cim.be/nl/televisie,date 2026-01-01; Live+VOSDAL+Guests + same-day online (online live streams counted from 11 Jun 2021)
2016,All VRT TV journaal broadcasts,avg daily reach,1919559,people,VRT jaarverslag 2016,https://www.vrt.be/nl/assets/files/2024-09/VRTJaarverslag2016.pdf,32.0% of Flemings 4+
2016,All VRT TV journaal broadcasts,weekly reach,63.7,% of Flemings,VRT jaarverslag 2016,https://www.vrt.be/nl/assets/files/2024-09/VRTJaarverslag2016.pdf,
2017,All VRT TV journaal broadcasts,avg daily reach,1841411,people,VRT jaarverslag 2018,https://www.vrt.be/nl/assets/files/2024-09/VRTJaarverslag2018WEB.pdf,30.7% of Flemings 4+
2017,All VRT TV journaal broadcasts,weekly reach,61.1,% of Flemings,VRT jaarverslag 2018,https://www.vrt.be/nl/assets/files/2024-09/VRTJaarverslag2018WEB.pdf,
2018,All VRT TV journaal broadcasts,avg daily reach,1784923,people,VRT jaarverslag 2018,https://www.vrt.be/nl/assets/files/2024-09/VRTJaarverslag2018WEB.pdf,29.4% of Flemings 4+
2018,All VRT TV journaal broadcasts,weekly reach,59.7,% of Flemings,VRT jaarverslag 2018,https://www.vrt.be/nl/assets/files/2024-09/VRTJaarverslag2018WEB.pdf,
2019,All VRT TV journaal broadcasts,avg daily reach,1749894,people,VRT jaarverslag 2019,https://www.vrt.be/nl/assets/files/2024-09/VRT_Jaarverslag-2019-CORPS-lowlowres.pdf,28.9% of Flemings 4+
2019,All VRT TV journaal broadcasts,weekly reach,58.3,% of Flemings,VRT jaarverslag 2019,https://www.vrt.be/nl/assets/files/2024-09/VRT_Jaarverslag-2019-CORPS-lowlowres.pdf,
2020,All VRT TV journaal broadcasts,avg daily reach,1987954,people,VRT jaarverslag 2020,https://www.vrt.be/nl/assets/files/2024-09/VRT_jaarverslag2020_A4_030_pages_Compressed.pdf,32.9% of Flemings 4+
2020,All VRT TV journaal broadcasts,weekly reach,60.3,% of Flemings,VRT jaarverslag 2020,https://www.vrt.be/nl/assets/files/2024-09/VRT_jaarverslag2020_A4_030_pages_Compressed.pdf,
2021,All VRT TV journaal broadcasts,avg daily reach,not found,,VRT jaarverslag (no longer reported),,VRT annual reports 2021-2025 no longer publish this figure
2022,All VRT TV journaal broadcasts,avg daily reach,not found,,VRT jaarverslag (no longer reported),,VRT annual reports 2021-2025 no longer publish this figure
2023,All VRT TV journaal broadcasts,avg daily reach,not found,,VRT jaarverslag (no longer reported),,VRT annual reports 2021-2025 no longer publish this figure
2024,All VRT TV journaal broadcasts,avg daily reach,not found,,VRT jaarverslag (no longer reported),,VRT annual reports 2021-2025 no longer publish this figure
2025,All VRT TV journaal broadcasts,avg daily reach,not found,,VRT jaarverslag (no longer reported),,VRT annual reports 2021-2025 no longer publish this figure
2016,Eén (channel),"TV market share, 4+, full day",32.6,%,VRT jaarverslag 2017 (source CIM/GfK),https://www.vrt.be/nl/assets/files/2024-09/LRN-VRT-Jaarverslag-2017-web-low-2.pdf,
2017,Eén (channel),"TV market share, 4+, full day",30.1,%,VRT jaarverslag 2017 (source CIM/GfK),https://www.vrt.be/nl/assets/files/2024-09/LRN-VRT-Jaarverslag-2017-web-low-2.pdf,
2018,Eén / VRT 1 (channel),"TV market share, 4+, 02-26h",30.36,%,CIM yearly market shares,"https://www.cim.be/nl/televisie (Jaar > Marktaandelen / Top 100, regio Noord)",
2019,Eén / VRT 1 (channel),"TV market share, 4+, 02-26h",29.62,%,CIM yearly market shares,"https://www.cim.be/nl/televisie (Jaar > Marktaandelen / Top 100, regio Noord)",
2020,Eén / VRT 1 (channel),"TV market share, 4+, 02-26h",30.92,%,CIM yearly market shares,"https://www.cim.be/nl/televisie (Jaar > Marktaandelen / Top 100, regio Noord)",
2021,Eén / VRT 1 (channel),"TV market share, 4+, 02-26h",32.49,%,CIM yearly market shares,"https://www.cim.be/nl/televisie (Jaar > Marktaandelen / Top 100, regio Noord)",
2022,Eén / VRT 1 (channel),"TV market share, 4+, 02-26h",32.01,%,CIM yearly market shares,"https://www.cim.be/nl/televisie (Jaar > Marktaandelen / Top 100, regio Noord)",
2023,Eén / VRT 1 (channel),"TV market share, 4+, 02-26h",31.66,%,CIM yearly market shares,"https://www.cim.be/nl/televisie (Jaar > Marktaandelen / Top 100, regio Noord)",
2024,Eén / VRT 1 (channel),"TV market share, 4+, 02-26h",32.17,%,CIM yearly market shares,"https://www.cim.be/nl/televisie (Jaar > Marktaandelen / Top 100, regio Noord)",
2025,Eén / VRT 1 (channel),"TV market share, 4+, 02-26h",30.27,%,CIM yearly market shares,"https://www.cim.be/nl/televisie (Jaar > Marktaandelen / Top 100, regio Noord)",
2018,VRT 19:00 Journaal,best-watched broadcast in CIM yearly Top 100 (thousands),1337.9,thousand viewers,CIM yearly Top 100,"https://www.cim.be/nl/televisie (Jaar > Marktaandelen / Top 100, regio Noord)","date 2018-06-18; yearly-top metric (Live+7, incl. online where applicable)"
2019,VRT 19:00 Journaal,best-watched broadcast in CIM yearly Top 100 (thousands),1134.7,thousand viewers,CIM yearly Top 100,"https://www.cim.be/nl/televisie (Jaar > Marktaandelen / Top 100, regio Noord)","date 2019-01-21; yearly-top metric (Live+7, incl. online where applicable)"
2020,VRT 19:00 Journaal,best-watched broadcast in CIM yearly Top 100 (thousands),2030.6,thousand viewers,CIM yearly Top 100,"https://www.cim.be/nl/televisie (Jaar > Marktaandelen / Top 100, regio Noord)","date 2020-11-30; yearly-top metric (Live+7, incl. online where applicable)"
2021,VRT 19:00 Journaal,best-watched broadcast in CIM yearly Top 100 (thousands),1367.7,thousand viewers,CIM yearly Top 100,"https://www.cim.be/nl/televisie (Jaar > Marktaandelen / Top 100, regio Noord)","date 2021-01-20; yearly-top metric (Live+7, incl. online where applicable)"
2022,VRT 19:00 Journaal,best-watched broadcast in CIM yearly Top 100 (thousands),1229.3,thousand viewers,CIM yearly Top 100,"https://www.cim.be/nl/televisie (Jaar > Marktaandelen / Top 100, regio Noord)","date 2022-02-24; yearly-top metric (Live+7, incl. online where applicable)"
2023,VRT 19:00 Journaal,best-watched broadcast in CIM yearly Top 100 (thousands),1199.3,thousand viewers,CIM yearly Top 100,"https://www.cim.be/nl/televisie (Jaar > Marktaandelen / Top 100, regio Noord)","date 2023-03-20; yearly-top metric (Live+7, incl. online where applicable)"
2024,VRT 19:00 Journaal,best-watched broadcast in CIM yearly Top 100 (thousands),1178.3,thousand viewers,CIM yearly Top 100,"https://www.cim.be/nl/televisie (Jaar > Marktaandelen / Top 100, regio Noord)","date 2024-07-01; yearly-top metric (Live+7, incl. online where applicable)"
2025,VRT 19:00 Journaal,best-watched broadcast in CIM yearly Top 100 (thousands),1084.0,thousand viewers,CIM yearly Top 100,"https://www.cim.be/nl/televisie (Jaar > Marktaandelen / Top 100, regio Noord)","date 2025-01-27; yearly-top metric (Live+7, incl. online where applicable)"
2016,VRT NWS online,avg daily unique visitors,270140,visitors/browsers,VRT jaarverslag 2016,https://www.vrt.be/nl/assets/files/2024-09/VRTJaarverslag2016.pdf,"deredactie.be site; app +63,437/day"
2017,VRT NWS online,avg daily unique visitors,401971,visitors/browsers,VRM toezichtsrapport VRT 2017,https://www.vlaamseregulatormedia.be/sites/default/files/2025-01/vrt2017.pdf,vrtnws.be site + app
2018,VRT NWS online,avg daily unique visitors,446928,visitors/browsers,VRT jaarverslag 2018,https://www.vrt.be/nl/assets/files/2024-09/VRTJaarverslag2018WEB.pdf,"site; app +150,496/day"
2019,VRT NWS online,avg daily unique visitors,550714,visitors/browsers,VRT jaarverslag 2019,https://www.vrt.be/nl/assets/files/2024-09/VRT_Jaarverslag-2019-CORPS-lowlowres.pdf,site + app
2020,VRT NWS online,avg daily unique visitors,960009,visitors/browsers,VRT jaarverslag 2020,https://www.vrt.be/nl/assets/files/2024-09/VRT_jaarverslag2020_A4_030_pages_Compressed.pdf,site + app (unique browsers)
2020,VRT 19:00 Journaal,record broadcast 27 Mar 2020 (COVID),1748370,viewers,VRT jaarverslag 2020,https://www.vrt.be/nl/assets/files/2024-09/VRT_jaarverslag2020_A4_030_pages_Compressed.pdf,
2020,VRT 19:00 Journaal,Martine Tanghe's last Journaal 30 Nov 2020,2001867,viewers,VRT NWS,https://www.vrt.be/vrtnws/nl/2020/11/30/martine-tanghe-op-bezoek-bij-koning-filip-ik-ben-blij-en-trots/,best-watched Journaal ever
2016,VRT 19:00 Journaal,22 Mar 2016 (Brussels attacks),1383976,viewers,Showbizzsite (CIM day top 10),https://www.showbizzsite.be/nieuws/kijkcijfers-dinsdag-22-maart-2016-1499876,
2016,VRT 13:00 Journaal,22 Mar 2016 (Brussels attacks),682099,viewers,Showbizzsite (CIM day top 10),https://www.showbizzsite.be/nieuws/kijkcijfers-dinsdag-22-maart-2016-1499876,
